"UF";"Município";"(A)";"(P)";"% de P/A";"(R)";"% de R/A";"Data início";"Data fim";"Data fim prorrogada";
"AC";"Porto Acre";"11.293";"0";"0,00%";"8.653";"76,62%";"07/10/2015";"05/12/2015";""
"AC";"Xapuri";"11.036";"0";"0,00%";"7.937";"71,92%";"07/10/2015";"05/12/2015";""
"AM";"Autazes";"22.944";"2";"0,01%";"10.692";"46,60%";"09/12/2015";"26/02/2016";""
"AM";"Careiro";"21.111";"6";"0,03%";"8.882";"42,07%";"09/12/2015";"26/02/2016";"18/03/2016"
"AM";"Manaus";"1.249.313";"14";"0,00%";"726.884";"58,18%";"03/09/2015";"26/02/2016";"30/03/2016"
"BA";"Araçás";"10.223";"2";"0,02%";"6.256";"61,20%";"13/01/2015";"18/12/2015";""
"BA";"São Francisco do Conde";"28.992";"3";"0,01%";"20.890";"72,05%";"13/01/2015";"13/01/2016";""
"BA";"Itaquara";"6.225";"10";"0,16%";"4.899";"78,70%";"13/01/2015";"12/07/2015";"16/10/2015"
"BA";"Itagibá";"12.085";"0";"0,00%";"8.176";"67,65%";"19/01/2015";"18/12/2015";""
"BA";"Itagi";"10.486";"0";"0,00%";"7.441";"70,96%";"19/01/2015";"18/12/2015";""
"BA";"Aramari";"8.150";"0";"0,00%";"6.551";"80,38%";"13/01/2015";"13/01/2016";"29/02/2016"
"BA";"Jitaúna";"14.097";"26";"0,18%";"8.870";"62,92%";"19/01/2015";"18/12/2015";""
"BA";"Madre de Deus";"13.810";"1";"0,01%";"9.455";"68,46%";"13/01/2015";"13/01/2016";""
"BA";"Jaguaquara";"35.296";"98";"0,28%";"25.879";"73,32%";"13/01/2015";"12/07/2015";"16/10/2015"
"BA";"Alagoinhas";"106.410";"1";"0,00%";"77.958";"73,26%";"13/01/2015";"13/01/2016";"29/02/2016"
"BA";"Dário Meira";"8.984";"0";"0,00%";"5.585";"62,17%";"19/01/2015";"18/12/2015";""
"BA";"Irajuba";"5.283";"4";"0,08%";"4.092";"77,46%";"13/01/2015";"12/07/2015";"16/10/2015"
"BA";"Aiquara";"4.418";"0";"0,00%";"2.929";"66,30%";"19/01/2015";"18/12/2015";""
"CE";"Baturité";"27.924";"29";"0,10%";"19.762";"70,77%";"04/12/2015";"31/03/2016";""
"CE";"Farias Brito";"16.348";"37";"0,23%";"11.086";"67,81%";"16/11/2015";"31/03/2016";""
"CE";"Limoeiro do Norte";"43.661";"14";"0,03%";"23.392";"53,58%";"03/07/2015";"27/11/2015";""
"CE";"Ubajara";"24.301";"0";"0,00%";"13.377";"55,05%";"30/06/2015";"27/11/2015";""
"CE";"Irauçuba";"17.474";"0";"0,00%";"11.965";"68,47%";"13/10/2015";"18/03/2016";""
"CE";"Tejuçuoca";"14.230";"0";"0,00%";"11.571";"81,31%";"13/10/2015";"18/03/2016";""
"CE";"Horizonte";"48.186";"175";"0,36%";"31.749";"65,89%";"13/11/2015";"31/03/2016";""
"CE";"Altaneira";"5.914";"0";"0,00%";"4.353";"73,61%";"09/12/2015";"18/03/2016";""
"CE";"Itapajé";"38.226";"0";"0,00%";"28.672";"75,01%";"13/10/2015";"18/03/2016";""
"CE";"Barbalha";"41.914";"0";"0,00%";"29.029";"69,26%";"16/11/2015";"31/03/2016";""
"CE";"Brejo Santo";"33.841";"3";"0,01%";"24.228";"71,59%";"09/12/2015";"31/03/2016";""
"CE";"Ibiapina";"17.816";"1";"0,01%";"5.693";"31,95%";"01/07/2015";"18/09/2015";""
"CE";"Capistrano";"15.254";"0";"0,00%";"11.735";"76,93%";"16/11/2015";"31/03/2016";""
"CE";"Bela Cruz";"21.957";"0";"0,00%";"15.466";"70,44%";"11/11/2015";"31/03/2016";""
"CE";"Ocara";"20.727";"0";"0,00%";"11.257";"54,31%";"11/12/2015";"18/03/2016";""
"CE";"Mulungu";"8.574";"2";"0,02%";"6.692";"78,05%";"04/12/2015";"31/03/2016";""
"CE";"Várzea Alegre";"30.548";"0";"0,00%";"21.576";"70,63%";"16/11/2015";"31/03/2016";""
"CE";"Iguatu";"69.297";"2";"0,00%";"38.959";"56,22%";"16/06/2015";"18/12/2015";""
"CE";"Santana do Cariri";"13.570";"5";"0,04%";"10.147";"74,78%";"09/12/2015";"31/03/2016";""
"CE";"Camocim";"46.280";"2.333";"5,04%";"24.817";"53,62%";"16/07/2015";"27/11/2015";""
"CE";"Amontada";"31.115";"4";"0,01%";"20.794";"66,83%";"10/11/2015";"31/03/2016";""
"CE";"Itapiúna";"16.250";"0";"0,00%";"12.202";"75,09%";"16/11/2015";"31/03/2016";""
"CE";"Quixelô";"12.882";"0";"0,00%";"9.468";"73,50%";"16/06/2015";"18/12/2015";""
"CE";"Itapipoca";"85.400";"3";"0,00%";"63.385";"74,22%";"28/09/2015";"18/03/2016";""
"CE";"Tianguá";"50.312";"1";"0,00%";"34.228";"68,03%";"04/12/2015";"31/03/2016";""
"CE";"Frecheirinha";"11.067";"0";"0,00%";"7.669";"69,30%";"04/12/2015";"31/03/2016";""
"CE";"Granjeiro";"5.269";"12";"0,23%";"3.927";"74,53%";"16/11/2015";"31/03/2016";""
"CE";"Viçosa do Ceará";"42.744";"9";"0,02%";"33.611";"78,63%";"16/11/2015";"18/03/2016";""
"CE";"Marco";"20.412";"3";"0,01%";"15.838";"77,59%";"11/11/2015";"18/03/2016";""
"CE";"Nova Olinda";"11.981";"12";"0,10%";"8.493";"70,89%";"09/12/2015";"31/03/2016";""
"CE";"Jucás";"19.826";"1";"0,01%";"13.581";"68,50%";"11/12/2015";"18/03/2016";""
"CE";"Crato";"86.177";"10";"0,01%";"58.472";"67,85%";"17/06/2015";"18/03/2016";""
"CE";"Milagres";"22.362";"6";"0,03%";"11.560";"51,69%";"17/06/2015";"18/12/2015";""
"CE";"Maracanaú";"149.524";"126";"0,08%";"93.199";"62,33%";"26/06/2015";"31/03/2016";""
"CE";"Miraíma";"11.105";"2";"0,02%";"8.602";"77,46%";"10/11/2015";"31/03/2016";""
"CE";"Abaiara";"6.683";"0";"0,00%";"5.074";"75,92%";"17/06/2015";"18/12/2015";""
"CE";"Cariús";"15.776";"1";"0,01%";"11.274";"71,46%";"11/12/2015";"18/03/2016";""
"CE";"Aratuba";"10.396";"0";"0,00%";"7.792";"74,95%";"16/11/2015";"31/03/2016";""
"CE";"Meruoca";"10.389";"0";"0,00%";"8.698";"83,72%";"17/09/2015";"18/03/2016";""
"CE";"Porteiras";"13.356";"0";"0,00%";"10.576";"79,19%";"09/12/2015";"31/03/2016";""
"ES";"Vila Pavão";"7.301";"0";"0,00%";"5.216";"71,44%";"23/11/2015";"12/02/2016";""
"ES";"Água Doce do Norte";"9.794";"0";"0,00%";"4.368";"44,60%";"19/11/2015";"05/02/2016";"26/02/2016"
"ES";"Divino de São Lourenço";"3.859";"5";"0,13%";"2.805";"72,69%";"17/09/2015";"13/11/2015";"11/12/2015"
"ES";"Vila Valério";"12.007";"2";"0,02%";"7.754";"64,58%";"21/12/2015";"11/03/2016";""
"ES";"Marechal Floriano";"12.724";"31";"0,24%";"8.626";"67,79%";"12/11/2015";"29/01/2016";"04/03/2016"
"ES";"João Neiva";"13.167";"2";"0,02%";"10.309";"78,29%";"22/10/2015";"15/01/2016";""
"ES";"Vitória";"257.306";"16";"0,01%";"191.548";"74,44%";"13/10/2015";"27/03/2016";"31/03/2016"
"ES";"Laranja da Terra";"9.435";"0";"0,00%";"5.964";"63,21%";"16/11/2015";"26/02/2016";"31/03/2016"
"ES";"Marilândia";"10.354";"1";"0,01%";"6.078";"58,70%";"03/12/2015";"19/02/2016";"24/02/2016"
"ES";"Águia Branca";"8.016";"0";"0,00%";"5.748";"71,71%";"17/12/2015";"18/03/2016";""
"ES";"Mimoso do Sul";"21.574";"0";"0,00%";"16.139";"74,81%";"30/11/2015";"04/03/2016";"31/03/2016"
"ES";"Ibitirama";"7.568";"0";"0,00%";"5.172";"68,34%";"08/04/2015";"17/07/2015";"31/07/2015"
"GO";"Guaraíta";"2.398";"0";"0,00%";"2.052";"85,57%";"14/09/2015";"26/02/2016";""
"GO";"Anhangüera";"1.006";"0";"0,00%";"834";"82,90%";"01/09/2015";"18/12/2015";""
"GO";"Amaralina";"2.670";"0";"0,00%";"2.148";"80,45%";"10/08/2015";"26/02/2016";"11/03/2016"
"GO";"Rio Verde";"118.307";"0";"0,00%";"91.279";"77,15%";"31/08/2015";"26/02/2016";"18/03/2016"
"GO";"São Luís de Montes Belos";"23.425";"0";"0,00%";"18.060";"77,10%";"10/08/2015";"26/02/2016";"11/03/2016"
"GO";"Simolândia";"5.328";"0";"0,00%";"4.232";"79,43%";"14/09/2015";"26/02/2016";"04/03/2016"
"GO";"Lagoa Santa";"1.401";"0";"0,00%";"1.105";"78,87%";"21/09/2015";"20/10/2015";"19/03/2016"
"GO";"Chapadão do Céu";"5.764";"9";"0,16%";"4.252";"73,77%";"21/09/2015";"26/02/2016";""
"GO";"Ivolândia";"2.995";"1";"0,03%";"2.120";"70,78%";"03/08/2015";"26/02/2016";"12/03/2016"
"GO";"Ipameri";"19.713";"0";"0,00%";"13.103";"66,47%";"12/10/2015";"26/02/2016";"12/03/2016"
"GO";"Edealina";"3.570";"0";"0,00%";"2.978";"83,42%";"08/09/2015";"12/02/2016";"26/02/2016"
"GO";"Aporé";"3.275";"1";"0,03%";"2.184";"66,69%";"17/08/2015";"15/09/2015";"19/03/2016"
"GO";"Perolândia";"3.002";"8";"0,27%";"2.189";"72,92%";"28/09/2015";"26/02/2016";""
"GO";"Ouvidor";"5.633";"0";"0,00%";"5.070";"90,01%";"03/08/2015";"18/12/2015";"29/01/2016"
"GO";"Santa Cruz de Goiás";"2.981";"0";"0,00%";"2.144";"71,92%";"05/10/2015";"29/01/2016";"26/02/2016"
"GO";"Palmeiras de Goiás";"18.883";"0";"0,00%";"13.858";"73,39%";"01/08/2015";"26/02/2016";""
"GO";"Moiporá";"2.185";"0";"0,00%";"1.655";"75,74%";"31/08/2015";"26/02/2016";""
"GO";"Santa Tereza de Goiás";"3.276";"0";"0,00%";"2.516";"76,80%";"14/09/2015";"29/01/2016";"19/02/2016"
"GO";"Três Ranchos";"3.155";"0";"0,00%";"2.424";"76,83%";"03/08/2015";"18/12/2015";"29/01/2016"
"GO";"Jataí";"64.959";"1";"0,00%";"52.257";"80,45%";"17/08/2015";"26/02/2016";"12/03/2016"
"GO";"Santa Helena de Goiás";"28.483";"53";"0,19%";"23.496";"82,49%";"15/10/2015";"26/02/2016";"19/03/2016"
"GO";"Marzagão";"1.962";"0";"0,00%";"1.606";"81,86%";"03/11/2015";"26/02/2016";"19/03/2016"
"GO";"Caiapônia";"12.432";"0";"0,00%";"9.732";"78,28%";"31/08/2015";"26/02/2016";""
"GO";"Rio Quente";"3.293";"0";"0,00%";"2.502";"75,98%";"03/11/2015";"26/02/2016";"19/03/2016"
"GO";"Edéia";"8.923";"0";"0,00%";"7.327";"82,11%";"25/08/2015";"12/02/2016";"26/02/2016"
"GO";"Taquaral de Goiás";"3.927";"0";"0,00%";"3.344";"85,15%";"01/09/2015";"29/01/2016";"12/03/2016"
"GO";"Faina";"6.190";"0";"0,00%";"4.834";"78,09%";"10/08/2015";"26/02/2016";"11/03/2016"
"GO";"Campo Alegre de Goiás";"4.611";"0";"0,00%";"3.812";"82,67%";"12/10/2015";"26/02/2016";"12/03/2016"
"GO";"Davinópolis";"2.457";"0";"0,00%";"2.181";"88,77%";"03/08/2015";"18/12/2015";"29/01/2016"
"GO";"Campos Belos";"14.256";"0";"0,00%";"11.043";"77,46%";"10/08/2015";"14/02/2016";"11/03/2016"
"GO";"Campinorte";"8.719";"0";"0,00%";"6.773";"77,68%";"17/08/2015";"19/02/2016";"12/03/2016"
"GO";"Castelândia";"3.554";"0";"0,00%";"2.674";"75,24%";"10/11/2015";"26/02/2016";"12/03/2016"
"GO";"Nova Iguaçu de Goiás";"2.647";"0";"0,00%";"2.141";"80,88%";"17/08/2015";"19/02/2016";"12/03/2016"
"GO";"Caldas Novas";"55.829";"0";"0,00%";"43.005";"77,03%";"20/08/2015";"26/02/2016";"19/03/2016"
"GO";"Água Fria de Goiás";"4.442";"0";"0,00%";"3.419";"76,97%";"05/10/2015";"12/03/2016";"19/03/2016"
"GO";"Itaguari";"4.151";"0";"0,00%";"3.422";"82,44%";"01/09/2015";"29/01/2016";"12/03/2016"
"GO";"Palminópolis";"3.783";"0";"0,00%";"3.079";"81,39%";"03/08/2015";"26/02/2016";"18/03/2016"
"GO";"Catalão";"64.367";"0";"0,00%";"54.379";"84,48%";"03/08/2015";"18/12/2015";"29/01/2016"
"GO";"Goianésia";"46.492";"0";"0,00%";"39.506";"84,97%";"01/09/2015";"26/02/2016";"18/03/2016"
"GO";"Cachoeira Alta";"7.493";"0";"0,00%";"5.853";"78,11%";"24/08/2015";"26/02/2016";"12/03/2016"
"GO";"Cachoeira Dourada";"7.448";"0";"0,00%";"5.658";"75,97%";"10/09/2015";"26/02/2016";"11/03/2016"
"GO";"Montividiu do Norte";"3.239";"0";"0,00%";"2.397";"74,00%";"14/09/2015";"29/01/2016";"19/02/2016"
"GO";"Damianópolis";"3.262";"0";"0,00%";"2.825";"86,60%";"14/09/2015";"26/02/2016";"04/03/2016"
"GO";"Mozarlândia";"10.779";"0";"0,00%";"6.036";"56,00%";"18/10/2015";"26/02/2016";"19/03/2016"
"GO";"Santo Antônio da Barra";"3.653";"0";"0,00%";"2.894";"79,22%";"09/11/2015";"26/02/2016";""
"GO";"Santo Antônio do Descoberto";"40.107";"0";"0,00%";"30.590";"76,27%";"10/08/2015";"12/02/2016";"19/03/2016"
"GO";"Uruaçu";"26.343";"0";"0,00%";"20.720";"78,65%";"01/09/2015";"19/02/2016";"12/03/2016"
"GO";"Maurilândia";"8.520";"5";"0,06%";"6.209";"72,88%";"15/10/2015";"26/02/2016";"19/03/2016"
"GO";"Mossâmedes";"4.329";"0";"0,00%";"3.638";"84,04%";"24/08/2015";"26/02/2016";"19/03/2016"
"GO";"Cristianópolis";"3.087";"2";"0,06%";"2.531";"81,99%";"05/10/2015";"29/01/2016";"26/02/2016"
"GO";"Valparaíso de Goiás";"72.987";"3";"0,00%";"49.132";"67,32%";"01/08/2015";"26/02/2016";"12/03/2016"
"GO";"Aurilândia";"3.298";"0";"0,00%";"2.808";"85,14%";"17/08/2015";"26/02/2016";"19/03/2016"
"GO";"Alvorada do Norte";"6.101";"0";"0,00%";"4.982";"81,66%";"14/09/2015";"26/02/2016";"04/03/2016"
"GO";"Goiás";"19.816";"2";"0,01%";"15.214";"76,78%";"10/08/2015";"26/02/2016";"11/03/2016"
"GO";"Monte Alegre de Goiás";"5.426";"0";"0,00%";"4.164";"76,74%";"10/08/2015";"14/02/2016";"11/03/2016"
"GO";"Rialma";"8.765";"0";"0,00%";"6.388";"72,88%";"21/09/2015";"30/01/2016";"18/03/2016"
"GO";"Formoso";"4.331";"0";"0,00%";"3.507";"80,97%";"14/09/2015";"29/01/2016";"19/02/2016"
"GO";"Itumbiara";"71.383";"1";"0,00%";"55.238";"77,38%";"10/09/2015";"26/02/2016";"11/03/2016"
"GO";"Mutunópolis";"3.530";"2";"0,06%";"2.626";"74,39%";"19/10/2015";"31/01/2016";"26/02/2016"
"GO";"Santa Isabel";"3.476";"0";"0,00%";"2.758";"79,34%";"16/11/2015";"26/02/2016";"18/03/2016"
"GO";"Buriti Alegre";"7.367";"0";"0,00%";"6.396";"86,82%";"01/09/2015";"26/02/2016";"19/03/2016"
"GO";"Varjão";"3.706";"0";"0,00%";"2.927";"78,98%";"03/08/2015";"26/02/2016";"19/03/2016"
"GO";"Turvânia";"4.459";"0";"0,00%";"3.680";"82,53%";"03/08/2015";"26/02/2016";"18/03/2016"
"GO";"Corumbaíba";"6.256";"0";"0,00%";"5.186";"82,90%";"03/08/2015";"31/01/2016";""
"GO";"Mara Rosa";"8.070";"0";"0,00%";"6.317";"78,28%";"10/08/2015";"26/02/2016";"11/03/2016"
"GO";"Rianápolis";"3.894";"0";"0,00%";"2.810";"72,16%";"19/10/2015";"30/01/2016";"18/03/2016"
"GO";"Trombas";"2.901";"0";"0,00%";"2.256";"77,77%";"14/09/2015";"29/01/2016";"19/02/2016"
"GO";"Araguapaz";"6.081";"0";"0,00%";"4.382";"72,06%";"18/10/2015";"26/02/2016";"12/03/2016"
"GO";"Piracanjuba";"19.100";"0";"0,00%";"13.804";"72,27%";"02/10/2015";"26/02/2016";"12/03/2016"
"GO";"Alto Horizonte";"5.360";"0";"0,00%";"4.116";"76,79%";"17/08/2015";"19/02/2016";"12/03/2016"
"GO";"Cumari";"2.508";"0";"0,00%";"2.004";"79,90%";"01/09/2015";"18/12/2015";""
"GO";"Cezarina";"7.403";"0";"0,00%";"5.583";"75,42%";"01/08/2015";"26/02/2016";""
"GO";"Piranhas";"9.450";"0";"0,00%";"7.733";"81,83%";"01/09/2015";"26/02/2016";"11/03/2016"
"GO";"Montividiu";"8.440";"0";"0,00%";"6.191";"73,35%";"09/11/2015";"26/02/2016";""
"GO";"Vila Propício";"4.072";"0";"0,00%";"3.409";"83,72%";"01/09/2015";"26/02/2016";"18/03/2016"
"GO";"Sítio D'Abadia";"2.634";"0";"0,00%";"2.017";"76,58%";"14/09/2015";"26/02/2016";"04/03/2016"
"GO";"Morrinhos";"33.237";"32";"0,10%";"27.237";"81,95%";"17/08/2015";"26/02/2016";"19/03/2016"
"GO";"Doverlândia";"5.903";"0";"0,00%";"4.719";"79,94%";"28/10/2015";"05/02/2016";""
"GO";"Palmelo";"2.137";"0";"0,00%";"1.731";"81,00%";"05/10/2015";"29/01/2016";"26/02/2016"
"GO";"Firminópolis";"8.036";"0";"0,00%";"6.585";"81,94%";"17/08/2015";"26/02/2016";"19/03/2016"
"GO";"Aruanã";"5.710";"0";"0,00%";"3.354";"58,74%";"18/10/2015";"26/02/2016";"19/03/2016"
"GO";"Itaguaru";"5.069";"0";"0,00%";"4.306";"84,95%";"24/08/2015";"26/02/2016";"11/03/2016"
"GO";"Água Limpa";"2.135";"0";"0,00%";"1.777";"83,23%";"09/11/2015";"26/02/2016";"19/03/2016"
"GO";"Arenópolis";"3.280";"0";"0,00%";"2.471";"75,34%";"01/09/2015";"26/02/2016";""
"GO";"Barro Alto";"7.377";"0";"0,00%";"6.350";"86,08%";"01/08/2015";"26/02/2016";"12/03/2016"
"GO";"Estrela do Norte";"2.947";"8";"0,27%";"1.374";"46,62%";"19/10/2015";"31/01/2016";"26/02/2016"
"GO";"Palestina de Goiás";"3.407";"0";"0,00%";"2.201";"64,60%";"26/10/2015";"19/01/2016";""
"GO";"Mambaí";"5.587";"0";"0,00%";"4.453";"79,70%";"14/09/2015";"26/02/2016";"04/03/2016"
"GO";"Cidade Ocidental";"35.787";"0";"0,00%";"25.447";"71,11%";"10/08/2015";"26/02/2016";"19/03/2016"
"GO";"Nova Crixás";"8.591";"0";"0,00%";"6.389";"74,37%";"18/10/2015";"26/02/2016";"12/03/2016"
"GO";"Cachoeira de Goiás";"1.587";"0";"0,00%";"1.289";"81,22%";"03/11/2015";"26/02/2016";"19/03/2016"
"GO";"Santa Rita do Novo Destino";"2.611";"0";"0,00%";"2.208";"84,57%";"01/09/2015";"26/02/2016";"18/03/2016"
"GO";"Itapuranga";"21.121";"1";"0,00%";"17.586";"83,26%";"14/09/2015";"26/02/2016";"12/03/2016"
"GO";"Serranópolis";"5.370";"0";"0,00%";"3.601";"67,06%";"14/09/2015";"26/02/2016";""
"GO";"Planaltina";"53.671";"0";"0,00%";"41.012";"76,41%";"05/10/2015";"12/03/2016";"19/03/2016"
"GO";"Itajá";"3.891";"0";"0,00%";"2.991";"76,87%";"26/10/2015";"24/11/2015";"19/03/2016"
"GO";"Panamá";"2.495";"0";"0,00%";"1.874";"75,11%";"01/09/2015";"31/01/2016";"26/02/2016"
"GO";"Buritinópolis";"3.118";"0";"0,00%";"2.513";"80,60%";"14/09/2015";"26/02/2016";"04/03/2016"
"MA";"Imperatriz";"162.540";"22";"0,01%";"100.628";"61,91%";"17/08/2015";"17/02/2016";""
"MA";"Monção";"19.578";"28";"0,14%";"9.152";"46,75%";"01/09/2015";"29/11/2015";""
"MA";"Caxias";"103.740";"4";"0,00%";"39.845";"38,41%";"25/11/2015";"25/03/2016";"30/03/2016"
"MA";"Nova Colinas";"4.008";"0";"0,00%";"2.785";"69,49%";"01/10/2015";"06/11/2015";""
"MA";"Coroatá";"44.176";"1";"0,00%";"22.446";"50,81%";"01/10/2015";"29/01/2016";""
"MA";"Timon";"104.917";"1";"0,00%";"49.723";"47,39%";"01/10/2015";"04/02/2016";""
"MA";"Peritoró";"15.279";"0";"0,00%";"9.067";"59,34%";"17/08/2015";"17/10/2015";"30/10/2015"
"MA";"Bacurituba";"5.168";"8";"0,15%";"2.716";"52,55%";"04/11/2015";"04/12/2015";""
"MA";"Esperantinópolis";"13.661";"0";"0,00%";"5.572";"40,79%";"16/11/2015";"29/01/2016";""
"MA";"Bacabal";"64.513";"1";"0,00%";"30.473";"47,24%";"15/10/2015";"19/02/2016";""
"MA";"Viana";"34.879";"0";"0,00%";"14.270";"40,91%";"01/09/2015";"11/12/2015";"12/01/2016"
"MA";"Balsas";"54.408";"0";"0,00%";"21.066";"38,72%";"15/09/2015";"10/12/2015";""
"MA";"Pindaré-Mirim";"22.516";"0";"0,00%";"9.010";"40,02%";"25/11/2015";"26/02/2016";"18/03/2016"
"MA";"Poção de Pedras";"15.400";"0";"0,00%";"10.450";"67,86%";"16/11/2015";"22/01/2016";"29/01/2016"
"MA";"Paulo Ramos";"14.676";"181";"1,23%";"2.769";"18,87%";"10/12/2015";"19/02/2016";""
"MA";"Matões";"23.024";"0";"0,00%";"11.761";"51,08%";"01/12/2015";"31/03/2016";""
"MA";"Matinha";"17.606";"0";"0,00%";"6.075";"34,51%";"25/11/2015";"26/02/2016";""
"MA";"Fortaleza dos Nogueiras";"9.094";"0";"0,00%";"6.638";"72,99%";"15/10/2015";"11/12/2015";""
"MA";"Açailândia";"73.438";"364";"0,50%";"32.887";"44,78%";"28/09/2015";"29/02/2016";""
"MA";"Feira Nova do Maranhão";"5.682";"2";"0,04%";"3.957";"69,64%";"01/10/2015";"20/11/2015";""
"MA";"Riachão";"14.163";"9";"0,06%";"8.272";"58,41%";"01/07/2015";"01/09/2015";""
"MA";"Santa Inês";"56.457";"11";"0,02%";"38.752";"68,64%";"01/10/2015";"11/03/2016";""
"MA";"Codó";"78.208";"79";"0,10%";"31.906";"40,80%";"17/08/2015";"17/12/2015";""
"MA";"São Bento";"26.485";"16";"0,06%";"9.769";"36,89%";"09/11/2015";"19/02/2016";""
"MG";"Cedro do Abaeté";"1.390";"2";"0,14%";"1.154";"83,02%";"04/11/2015";"18/12/2015";""
"MG";"Chácara";"2.646";"5";"0,19%";"2.087";"78,87%";"29/09/2015";"18/12/2015";""
"MG";"Nova Porteirinha";"6.070";"0";"0,00%";"4.307";"70,96%";"05/10/2015";"18/12/2015";""
"MG";"Vieiras";"3.565";"3";"0,08%";"2.955";"82,89%";"05/10/2015";"18/12/2015";""
"MG";"Juramento";"4.431";"0";"0,00%";"3.564";"80,43%";"17/07/2015";"18/12/2015";""
"MG";"Conceição dos Ouros";"8.361";"1";"0,01%";"6.954";"83,17%";"16/09/2015";"18/12/2015";""
"MG";"Taparuba";"3.149";"0";"0,00%";"2.626";"83,39%";"10/09/2015";"18/12/2015";""
"MG";"São Sebastião da Vargem Alegre";"2.750";"0";"0,00%";"2.201";"80,04%";"24/09/2015";"18/12/2015";""
"MG";"Guaraciama";"5.079";"0";"0,00%";"3.971";"78,18%";"04/09/2015";"18/12/2015";""
"MG";"Prudente de Morais";"7.908";"0";"0,00%";"6.282";"79,44%";"13/11/2015";"18/12/2015";""
"MG";"União de Minas";"3.478";"1";"0,03%";"2.516";"72,34%";"04/02/2015";"23/02/2015";""
"MG";"Guidoval";"6.245";"0";"0,00%";"4.917";"78,73%";"11/09/2015";"18/12/2015";""
"MG";"Miradouro";"8.526";"0";"0,00%";"6.936";"81,35%";"04/02/2015";"12/03/2015";""
"MG";"Nova Módica";"3.252";"1";"0,03%";"2.616";"80,44%";"24/08/2015";"18/12/2015";""
"MG";"Senador Cortes";"2.417";"0";"0,00%";"1.928";"79,77%";"21/08/2015";"18/12/2015";""
"MG";"Tapiraí";"2.150";"0";"0,00%";"1.273";"59,21%";"05/11/2015";"18/12/2015";""
"MG";"Ibitiúra de Minas";"3.249";"3";"0,09%";"2.578";"79,35%";"13/10/2015";"18/12/2015";""
"MG";"Madre de Deus de Minas";"4.301";"0";"0,00%";"3.612";"83,98%";"22/09/2015";"18/12/2015";""
"MG";"Santa Bárbara do Monte Verde";"3.309";"0";"0,00%";"2.598";"78,51%";"10/11/2015";"18/12/2015";""
"MG";"Belo Vale";"7.689";"0";"0,00%";"6.544";"85,11%";"04/02/2015";"09/03/2015";""
"MG";"Itueta";"5.268";"0";"0,00%";"3.476";"65,98%";"07/07/2015";"18/12/2015";""
"MG";"Joaquim Felício";"3.593";"1";"0,03%";"2.711";"75,45%";"31/07/2015";"18/12/2015";""
"MG";"Senhora de Oliveira";"5.352";"0";"0,00%";"4.642";"86,73%";"10/09/2015";"18/12/2015";""
"MG";"Cordislândia";"3.078";"0";"0,00%";"2.325";"75,54%";"14/09/2015";"18/12/2015";""
"MG";"Piau";"2.910";"0";"0,00%";"2.403";"82,58%";"18/09/2015";"18/12/2015";""
"MG";"Pedra Bonita";"5.497";"0";"0,00%";"4.413";"80,28%";"26/08/2015";"18/12/2015";""
"MG";"Córrego Novo";"3.663";"0";"0,00%";"2.503";"68,33%";"29/09/2015";"18/12/2015";""
"MG";"Romaria";"3.275";"0";"0,00%";"2.494";"76,15%";"01/07/2015";"18/12/2015";""
"MG";"Serranos";"1.950";"2";"0,10%";"1.671";"85,69%";"24/08/2015";"18/12/2015";""
"MG";"Pedra do Indaiá";"3.588";"0";"0,00%";"2.898";"80,77%";"06/10/2015";"18/12/2015";""
"MG";"Mar de Espanha";"9.679";"0";"0,00%";"8.065";"83,32%";"21/08/2015";"18/12/2015";""
"MG";"Diogo de Vasconcelos";"3.819";"0";"0,00%";"3.045";"79,73%";"24/08/2015";"18/12/2015";""
"MG";"Claro dos Poções";"7.474";"0";"0,00%";"5.893";"78,85%";"17/07/2015";"18/12/2015";""
"MG";"Chiador";"2.988";"0";"0,00%";"2.165";"72,46%";"21/08/2015";"18/12/2015";""
"MG";"Iraí de Minas";"5.657";"0";"0,00%";"4.611";"81,51%";"01/07/2015";"18/12/2015";""
"MG";"São Domingos das Dores";"5.107";"2";"0,04%";"4.200";"82,24%";"04/09/2015";"18/12/2015";""
"MG";"Passabém";"1.839";"0";"0,00%";"1.458";"79,28%";"12/11/2015";"18/12/2015";""
"MG";"Senador José Bento";"2.413";"0";"0,00%";"1.606";"66,56%";"04/02/2015";"13/02/2015";""
"MG";"Santana de Cataguases";"3.228";"0";"0,00%";"2.690";"83,33%";"13/10/2015";"18/12/2015";""
"MG";"Nova Belém";"3.616";"0";"0,00%";"2.482";"68,64%";"05/10/2015";"18/12/2015";""
"MG";"Uruana de Minas";"3.105";"0";"0,00%";"2.443";"78,68%";"01/07/2015";"18/12/2015";""
"MG";"Carvalhópolis";"3.162";"0";"0,00%";"2.715";"85,86%";"31/08/2015";"18/12/2015";""
"MG";"São Thomé das Letras";"5.284";"0";"0,00%";"3.701";"70,04%";"02/07/2015";"18/12/2015";""
"MG";"Morro da Garça";"2.758";"6";"0,22%";"2.125";"77,05%";"11/09/2015";"18/12/2015";""
"MG";"São Bento Abade";"3.990";"0";"0,00%";"3.309";"82,93%";"19/02/2015";"07/03/2015";""
"MG";"Seritinga";"1.854";"4";"0,22%";"1.458";"78,64%";"24/08/2015";"18/12/2015";""
"MG";"Santa Rita de Jacutinga";"4.560";"0";"0,00%";"3.706";"81,27%";"10/11/2015";"18/12/2015";""
"MG";"Douradoquara";"1.897";"0";"0,00%";"1.576";"83,08%";"01/07/2015";"18/12/2015";""
"MG";"Arantina";"2.663";"0";"0,00%";"2.258";"84,79%";"22/09/2015";"18/12/2015";""
"MG";"Abre Campo";"11.153";"0";"0,00%";"8.942";"80,18%";"04/02/2015";"21/03/2015";""
"MG";"Santo Hipólito";"3.119";"0";"0,00%";"2.303";"73,84%";"14/09/2015";"18/12/2015";""
"MG";"Espinosa";"25.241";"0";"0,00%";"17.868";"70,79%";"04/02/2015";"14/05/2015";""
"MG";"Frei Lagonegro";"3.247";"0";"0,00%";"2.370";"72,99%";"13/10/2015";"18/12/2015";""
"MG";"Arapuá";"3.008";"0";"0,00%";"2.391";"79,49%";"26/02/2015";"10/03/2015";""
"MS";"Bonito";"16.202";"0";"0,00%";"12.947";"79,91%";"05/10/2015";"11/12/2015";"18/12/2015"
"MT";"Ribeirãozinho";"1.915";"0";"0,00%";"1.456";"76,03%";"06/08/2015";"28/08/2015";""
"MT";"Nova Brasilândia";"3.461";"1";"0,03%";"2.703";"78,10%";"01/10/2015";"29/10/2015";""
"MT";"Torixoréu";"3.260";"0";"0,00%";"2.474";"75,89%";"24/09/2015";"29/10/2015";""
"MT";"Nortelândia";"4.974";"0";"0,00%";"3.516";"70,69%";"03/09/2015";"15/10/2015";""
"MT";"Araguainha";"886";"0";"0,00%";"702";"79,23%";"17/09/2015";"07/10/2015";""
"MT";"Primavera do Leste";"39.631";"0";"0,00%";"21.679";"54,70%";"28/08/2015";"05/02/2016";"26/02/2016"
"PA";"Parauapebas";"136.952";"0";"0,00%";"111.073";"81,10%";"03/06/2015";"19/12/2015";""
"PA";"Tracuateua";"21.923";"0";"0,00%";"18.076";"82,45%";"06/05/2015";"28/11/2015";""
"PA";"Quatipuru";"9.711";"0";"0,00%";"7.411";"76,32%";"02/09/2015";"12/12/2015";""
"PA";"Afuá";"23.119";"0";"0,00%";"10.420";"45,07%";"06/05/2015";"29/08/2015";""
"PA";"Bragança";"78.651";"0";"0,00%";"63.142";"80,28%";"06/05/2015";"28/11/2015";""
"PA";"Mojuí dos Campos";"797";"0";"0,00%";"604";"75,78%";"01/07/2015";"26/03/2016";""
"PA";"Mojuí dos Campos";"16.923";"0";"0,00%";"13.298";"78,58%";"01/07/2015";"26/03/2016";""
"PA";"Canaã dos Carajás";"26.685";"0";"0,00%";"21.693";"81,29%";"03/06/2015";"19/12/2015";""
"PA";"Santarém";"202.177";"0";"0,00%";"174.015";"86,07%";"01/07/2015";"26/03/2016";""
"PA";"Marituba";"65.587";"0";"0,00%";"51.140";"77,97%";"05/08/2015";"19/12/2015";""
"PA";"São João de Pirabas";"16.433";"0";"0,00%";"13.013";"79,19%";"02/09/2015";"12/12/2015";""
"PA";"Belterra";"12.946";"0";"0,00%";"10.437";"80,62%";"01/07/2015";"26/03/2016";""
"PA";"Ponta de Pedras";"18.880";"1";"0,01%";"16.896";"89,49%";"26/08/2015";"28/11/2015";""
"PA";"Primavera";"9.648";"0";"0,00%";"7.844";"81,30%";"02/09/2015";"12/12/2015";""
"PB";"Soledade";"10.781";"0";"0,00%";"8.050";"74,67%";"01/09/2015";"18/03/2016";""
"PB";"Araçagi";"14.670";"1";"0,01%";"11.028";"75,17%";"01/09/2015";"18/03/2016";""
"PB";"Cuitegi";"5.570";"1";"0,02%";"4.485";"80,52%";"01/09/2015";"18/03/2016";""
"PB";"Barra de Santana";"7.410";"0";"0,00%";"6.099";"82,31%";"01/09/2015";"18/03/2016";""
"PB";"Taperoá";"10.816";"0";"0,00%";"8.056";"74,48%";"01/09/2015";"18/03/2016";""
"PB";"Sousa";"46.970";"63";"0,13%";"38.728";"82,45%";"01/09/2015";"18/03/2016";""
"PB";"Paulista";"9.542";"0";"0,00%";"8.073";"84,60%";"01/09/2015";"18/03/2016";""
"PB";"Serra Grande";"2.747";"0";"0,00%";"2.406";"87,59%";"01/09/2015";"18/03/2016";""
"PB";"Jacaraú";"12.648";"0";"0,00%";"7.231";"57,17%";"01/09/2015";"18/03/2016";""
"PB";"Salgadinho";"2.763";"1";"0,04%";"2.396";"86,72%";"01/09/2015";"18/03/2016";""
"PB";"Dona Inês";"9.186";"0";"0,00%";"966";"10,52%";"01/09/2015";"18/03/2016";""
"PB";"Caturité";"4.422";"0";"0,00%";"3.680";"83,22%";"01/09/2015";"18/03/2016";""
"PB";"Cubati";"5.983";"0";"0,00%";"5.324";"88,99%";"01/09/2015";"18/03/2016";""
"PB";"Pilõezinhos";"5.170";"52";"1,01%";"3.953";"76,46%";"01/09/2015";"18/03/2016";""
"PB";"Barra de São Miguel";"4.487";"0";"0,00%";"3.916";"87,27%";"01/09/2015";"18/03/2016";""
"PB";"São José de Caiana";"4.997";"0";"0,00%";"3.899";"78,03%";"01/09/2015";"18/03/2016";""
"PB";"São José do Sabugi";"3.634";"7";"0,19%";"3.276";"90,15%";"01/09/2015";"18/03/2016";""
"PB";"Lastro";"3.214";"1";"0,03%";"2.870";"89,30%";"01/09/2015";"18/03/2016";""
"PB";"Patos";"66.379";"2";"0,00%";"51.764";"77,98%";"01/09/2015";"18/03/2016";""
"PB";"Montadas";"3.981";"0";"0,00%";"3.467";"87,09%";"01/09/2015";"18/03/2016";""
"PB";"Serra Branca";"9.908";"6";"0,06%";"7.155";"72,21%";"01/09/2015";"18/03/2016";""
"PB";"Assunção";"3.411";"3";"0,09%";"2.934";"86,02%";"01/09/2015";"18/03/2016";""
"PB";"Cabaceiras";"4.344";"0";"0,00%";"2.996";"68,97%";"01/09/2015";"18/03/2016";""
"PB";"Santa Teresinha";"4.693";"5";"0,11%";"4.002";"85,28%";"01/09/2015";"18/03/2016";""
"PB";"Curral Velho";"2.079";"0";"0,00%";"1.679";"80,76%";"01/09/2015";"18/03/2016";""
"PB";"Lucena";"9.974";"1";"0,01%";"7.930";"79,51%";"01/09/2015";"18/03/2016";""
"PB";"Matinhas";"3.906";"0";"0,00%";"3.142";"80,44%";"01/09/2015";"18/03/2016";""
"PB";"Camalaú";"4.977";"248";"4,98%";"4.185";"84,09%";"01/09/2015";"18/03/2016";""
"PB";"Maturéia";"5.166";"0";"0,00%";"4.320";"83,62%";"01/09/2015";"18/03/2016";""
"PB";"Quixaba";"1.784";"161";"9,02%";"1.400";"78,48%";"01/09/2015";"18/03/2016";""
"PB";"Tenório";"2.506";"15";"0,60%";"2.158";"86,11%";"01/09/2015";"18/03/2016";""
"PB";"Teixeira";"10.484";"0";"0,00%";"7.452";"71,08%";"01/09/2015";"18/03/2016";""
"PB";"Aparecida";"6.566";"1";"0,02%";"5.496";"83,70%";"01/09/2015";"18/03/2016";""
"PB";"São José de Espinharas";"3.912";"82";"2,10%";"3.207";"81,98%";"01/09/2015";"18/03/2016";""
"PB";"São Vicente do Seridó";"8.283";"0";"0,00%";"7.080";"85,48%";"01/09/2015";"18/03/2016";""
"PB";"Gurjão";"2.966";"0";"0,00%";"2.530";"85,30%";"01/09/2015";"18/03/2016";""
"PB";"Monteiro";"24.026";"389";"1,62%";"19.344";"80,51%";"01/09/2015";"18/03/2016";""
"PB";"Marizópolis";"5.109";"1";"0,02%";"4.382";"85,77%";"01/09/2015";"18/03/2016";""
"PB";"Bananeiras";"17.779";"0";"0,00%";"4.018";"22,60%";"01/09/2015";"18/03/2016";""
"PB";"Cacimbas";"5.316";"2";"0,04%";"4.270";"80,32%";"01/09/2015";"18/03/2016";""
"PB";"Lagoa";"4.340";"0";"0,00%";"3.659";"84,31%";"01/09/2015";"18/03/2016";""
"PB";"Desterro";"6.785";"2";"0,03%";"5.329";"78,54%";"01/09/2015";"18/03/2016";""
"PB";"Riacho de Santo Antônio";"1.884";"0";"0,00%";"1.725";"91,56%";"01/09/2015";"18/03/2016";""
"PB";"Bayeux";"70.337";"5";"0,01%";"51.935";"73,84%";"01/09/2015";"18/03/2016";""
"PB";"Alcantil";"4.453";"0";"0,00%";"3.782";"84,93%";"01/09/2015";"18/03/2016";""
"PB";"Santa Luzia";"11.529";"25";"0,22%";"8.626";"74,82%";"01/09/2015";"18/03/2016";""
"PB";"Areia de Baraúnas";"1.879";"1";"0,05%";"1.546";"82,28%";"01/09/2015";"18/03/2016";""
"PB";"São Sebastião do Umbuzeiro";"2.857";"75";"2,63%";"2.336";"81,76%";"01/09/2015";"18/03/2016";""
"PB";"Santa Cruz";"5.318";"1";"0,02%";"4.582";"86,16%";"01/09/2015";"18/03/2016";""
"PB";"Parari";"1.996";"4";"0,20%";"1.680";"84,17%";"01/09/2015";"18/03/2016";""
"PB";"Santo André";"2.582";"10";"0,39%";"2.227";"86,25%";"01/09/2015";"18/03/2016";""
"PB";"Caraúbas";"3.626";"0";"0,00%";"3.211";"88,55%";"01/09/2015";"18/03/2016";""
"PB";"Coxixola";"1.708";"1";"0,06%";"1.477";"86,48%";"01/09/2015";"18/03/2016";""
"PB";"Livramento";"5.507";"0";"0,00%";"4.590";"83,35%";"01/09/2015";"18/03/2016";""
"PB";"São José do Bonfim";"3.351";"4";"0,12%";"2.777";"82,87%";"01/09/2015";"18/03/2016";""
"PB";"Alagoa Nova";"15.537";"0";"0,00%";"10.887";"70,07%";"01/09/2015";"18/03/2016";""
"PB";"Guarabira";"39.696";"5";"0,01%";"32.847";"82,75%";"01/09/2015";"18/03/2016";""
"PB";"Diamante";"5.564";"0";"0,00%";"4.497";"80,82%";"01/09/2015";"18/03/2016";""
"PB";"Remígio";"13.332";"10";"0,08%";"10.087";"75,66%";"01/09/2015";"18/03/2016";""
"PB";"Areial";"5.564";"0";"0,00%";"4.558";"81,92%";"01/09/2015";"18/03/2016";""
"PB";"Vieirópolis";"5.037";"1";"0,02%";"4.214";"83,66%";"01/09/2015";"18/03/2016";""
"PB";"Curral de Cima";"4.941";"0";"0,00%";"3.653";"73,93%";"01/09/2015";"18/03/2016";""
"PB";"São Domingos do Cariri";"2.528";"0";"0,00%";"1.948";"77,06%";"01/09/2015";"18/03/2016";""
"PB";"Amparo";"2.215";"0";"0,00%";"1.908";"86,14%";"01/09/2015";"18/03/2016";""
"PB";"Santa Rita";"90.537";"2";"0,00%";"67.463";"74,51%";"01/09/2015";"18/03/2016";""
"PB";"São Mamede";"6.400";"23";"0,36%";"5.470";"85,47%";"01/09/2015";"18/03/2016";""
"PB";"Pedro Régis";"4.521";"0";"0,00%";"3.131";"69,25%";"01/09/2015";"18/03/2016";""
"PB";"Esperança";"24.738";"3";"0,01%";"18.688";"75,54%";"01/09/2015";"18/03/2016";""
"PB";"Passagem";"2.240";"5";"0,22%";"1.904";"85,00%";"01/09/2015";"18/03/2016";""
"PB";"Zabelê";"2.018";"30";"1,49%";"1.639";"81,22%";"01/09/2015";"18/03/2016";""
"PB";"Olivedos";"3.349";"0";"0,00%";"2.978";"88,92%";"01/09/2015";"18/03/2016";""
"PB";"Boqueirão";"13.279";"0";"0,00%";"8.257";"62,18%";"01/09/2015";"18/03/2016";""
"PB";"Congo";"4.599";"0";"0,00%";"3.871";"84,17%";"01/09/2015";"18/03/2016";""
"PB";"Lagoa de Dentro";"6.027";"0";"0,00%";"4.898";"81,27%";"01/09/2015";"18/03/2016";""
"PB";"Borborema";"4.653";"0";"0,00%";"288";"6,19%";"01/09/2015";"18/03/2016";""
"PB";"São Sebastião de Lagoa de Roça";"8.696";"0";"0,00%";"7.083";"81,45%";"01/09/2015";"18/03/2016";""
"PB";"Mãe D'Água";"3.713";"8";"0,22%";"3.103";"83,57%";"01/09/2015";"18/03/2016";""
"PB";"São João do Tigre";"3.607";"116";"3,22%";"2.923";"81,04%";"01/09/2015";"18/03/2016";""
"PB";"Pedra Branca";"3.585";"0";"0,00%";"2.955";"82,43%";"01/09/2015";"18/03/2016";""
"PB";"Cajazeirinhas";"3.443";"0";"0,00%";"2.762";"80,22%";"01/09/2015";"18/03/2016";""
"PB";"Nazarezinho";"6.195";"4";"0,06%";"5.231";"84,44%";"01/09/2015";"18/03/2016";""
"PB";"Pombal";"24.833";"0";"0,00%";"19.654";"79,14%";"01/09/2015";"18/03/2016";""
"PB";"Junco do Seridó";"5.195";"12";"0,23%";"4.368";"84,08%";"01/09/2015";"18/03/2016";""
"PB";"São Domingos";"2.836";"0";"0,00%";"2.398";"84,56%";"01/09/2015";"18/03/2016";""
"PB";"Pilões";"6.769";"0";"0,00%";"4.971";"73,44%";"01/09/2015";"18/03/2016";""
"PB";"Algodão de Jandaíra";"2.733";"43";"1,57%";"2.272";"83,13%";"01/09/2015";"18/03/2016";""
"PB";"Sumé";"12.777";"0";"0,00%";"8.769";"68,63%";"01/09/2015";"18/03/2016";""
"PB";"Juazeirinho";"12.594";"13";"0,10%";"9.894";"78,56%";"01/09/2015";"18/03/2016";""
"PB";"Imaculada";"8.537";"4";"0,05%";"6.799";"79,64%";"01/09/2015";"18/03/2016";""
"PB";"São João do Cariri";"4.063";"0";"0,00%";"2.093";"51,51%";"01/09/2015";"18/03/2016";""
"PB";"São José dos Cordeiros";"3.099";"6";"0,19%";"2.612";"84,29%";"01/09/2015";"18/03/2016";""
"PB";"São Francisco";"3.428";"0";"0,00%";"3.019";"88,07%";"01/09/2015";"18/03/2016";""
"PB";"Cacimba de Areia";"3.193";"7";"0,22%";"2.766";"86,63%";"01/09/2015";"18/03/2016";""
"PB";"Várzea";"2.347";"6";"0,26%";"1.992";"84,87%";"01/09/2015";"18/03/2016";""
"PB";"São Bentinho";"3.510";"0";"0,00%";"2.877";"81,97%";"01/09/2015";"18/03/2016";""
"PB";"Itaporanga";"17.042";"0";"0,00%";"12.081";"70,89%";"01/09/2015";"18/03/2016";""
"PB";"São José da Lagoa Tapada";"6.266";"0";"0,00%";"5.392";"86,05%";"01/09/2015";"18/03/2016";""
"PB";"Boa Ventura";"5.237";"0";"0,00%";"4.125";"78,77%";"01/09/2015";"18/03/2016";""
"PE";"Bom Jardim";"31.653";"0";"0,00%";"22.711";"71,75%";"21/05/2015";"31/03/2016";""
"PE";"Paulista";"203.868";"8";"0,00%";"128.406";"62,98%";"28/04/2015";"31/03/2016";""
"PE";"Jatobá";"10.189";"0";"0,00%";"6.509";"63,88%";"02/12/2015";"31/03/2016";""
"PE";"Bonito";"30.486";"0";"0,00%";"21.624";"70,93%";"28/04/2015";"31/03/2016";""
"PE";"Camocim de São Félix";"14.503";"2";"0,01%";"10.097";"69,62%";"03/08/2015";"31/03/2016";""
"PE";"Lajedo";"27.245";"0";"0,00%";"19.423";"71,29%";"28/04/2015";"31/03/2016";""
"PE";"Solidão";"4.942";"0";"0,00%";"3.418";"69,16%";"11/11/2015";"24/02/2016";""
"PE";"Ingazeira";"3.501";"0";"0,00%";"2.771";"79,15%";"02/09/2015";"11/11/2015";""
"PE";"Araçoiaba";"14.518";"0";"0,00%";"9.359";"64,46%";"28/04/2015";"18/12/2015";""
"PE";"Santa Cruz do Capibaribe";"56.127";"0";"0,00%";"34.575";"61,60%";"28/04/2015";"31/03/2016";""
"PE";"Iguaracy";"9.483";"0";"0,00%";"4.971";"52,42%";"28/04/2015";"02/10/2015";""
"PE";"Tacaratu";"14.482";"0";"0,00%";"10.000";"69,05%";"03/08/2015";"31/03/2016";""
"PE";"Limoeiro";"47.016";"0";"0,00%";"31.449";"66,89%";"28/04/2015";"31/03/2016";""
"PE";"Vitória de Santo Antão";"98.453";"0";"0,00%";"67.403";"68,46%";"29/04/2015";"31/03/2016";""
"PE";"Quixaba";"5.071";"0";"0,00%";"3.712";"73,20%";"11/11/2015";"23/02/2016";""
"PE";"Petrolina";"188.031";"3";"0,00%";"115.589";"61,47%";"28/04/2015";"31/03/2016";""
"PE";"Olinda";"309.452";"12";"0,00%";"177.857";"57,47%";"28/04/2015";"31/03/2016";""
"PE";"Santa Maria do Cambucá";"10.326";"1";"0,01%";"6.931";"67,12%";"28/08/2015";"31/03/2016";""
"PE";"Amaraji";"17.494";"0";"0,00%";"12.851";"73,46%";"17/08/2015";"31/03/2016";""
"PE";"Passira";"25.456";"0";"0,00%";"17.125";"67,27%";"28/04/2015";"31/03/2016";""
"PE";"Glória do Goitá";"22.864";"0";"0,00%";"15.726";"68,78%";"28/04/2015";"31/03/2016";""
"PE";"Brejão";"8.429";"0";"0,00%";"6.492";"77,02%";"16/12/2015";"31/03/2016";""
"PE";"Paranatama";"8.694";"1";"0,01%";"6.355";"73,10%";"16/12/2015";"31/03/2016";""
"PE";"Nazaré da Mata";"25.954";"0";"0,00%";"15.171";"58,45%";"29/04/2015";"31/03/2016";""
"PE";"Ibirajuba";"255";"0";"0,00%";"175";"68,63%";"28/04/2015";"31/03/2016";""
"PE";"Bezerros";"46.004";"2";"0,00%";"30.698";"66,73%";"28/04/2015";"31/03/2016";""
"PI";"Coivaras";"4.230";"0";"0,00%";"3.425";"80,97%";"01/07/2015";"17/12/2015";""
"PI";"Dom Inocêncio";"7.229";"0";"0,00%";"5.726";"79,21%";"04/05/2015";"30/10/2015";""
"PI";"Alto Longá";"11.538";"5";"0,04%";"6.993";"60,61%";"03/11/2015";"21/03/2016";""
"PI";"Regeneração";"14.223";"0";"0,00%";"6.658";"46,81%";"03/11/2015";"21/03/2016";""
"PI";"Sigefredo Pacheco";"7.964";"0";"0,00%";"6.095";"76,53%";"04/05/2015";"30/10/2015";""
"PI";"Jatobá do Piauí";"5.544";"0";"0,00%";"4.319";"77,90%";"04/05/2015";"30/10/2015";""
"PI";"Morro do Chapéu do Piauí";"5.645";"0";"0,00%";"3.815";"67,58%";"01/07/2015";"17/12/2015";""
"PI";"Geminiano";"5.284";"78";"1,48%";"3.164";"59,88%";"01/07/2015";"17/12/2015";""
"PI";"São Braz do Piauí";"3.837";"0";"0,00%";"3.059";"79,72%";"04/05/2015";"30/10/2015";""
"PI";"Juazeiro do Piauí";"5.525";"3";"0,05%";"4.211";"76,22%";"01/07/2015";"17/12/2015";""
"PI";"Canto do Buriti";"15.582";"0";"0,00%";"7.932";"50,90%";"03/11/2015";"21/03/2016";""
"PI";"Pajeú do Piauí";"3.220";"0";"0,00%";"398";"12,36%";"03/11/2015";"21/03/2016";""
"PI";"São José do Divino";"4.712";"0";"0,00%";"3.266";"69,31%";"03/11/2015";"21/03/2016";""
"PI";"Cajazeiras do Piauí";"2.868";"0";"0,00%";"2.009";"70,05%";"03/11/2015";"21/03/2016";""
"PI";"Lagoa de São Francisco";"5.030";"0";"0,00%";"3.594";"71,45%";"01/07/2015";"17/12/2015";""
"PI";"São João da Serra";"6.258";"24";"0,38%";"4.759";"76,05%";"01/07/2015";"17/12/2015";""
"PI";"Novo Santo Antônio";"3.716";"19";"0,51%";"2.799";"75,32%";"03/11/2015";"21/03/2016";""
"PI";"Madeiro";"6.131";"8";"0,13%";"4.759";"77,62%";"03/11/2015";"21/03/2016";""
"PI";"Amarante";"14.244";"1";"0,01%";"11.006";"77,27%";"03/11/2015";"21/03/2016";""
"PI";"Bom Princípio do Piauí";"5.455";"6";"0,11%";"4.447";"81,52%";"01/07/2015";"17/12/2015";""
"PI";"Manoel Emídio";"4.473";"0";"0,00%";"2.375";"53,10%";"03/11/2015";"21/03/2016";""
"PI";"Santa Rosa do Piauí";"4.424";"0";"0,00%";"2.801";"63,31%";"03/11/2015";"21/03/2016";""
"PI";"Novo Oriente do Piauí";"5.585";"0";"0,00%";"3.682";"65,93%";"03/11/2015";"21/03/2016";""
"PI";"Pau D'Arco do Piauí";"4.088";"0";"0,00%";"3.284";"80,33%";"01/07/2015";"17/12/2015";""
"PI";"Aroeiras do Itaim";"3.132";"1";"0,03%";"1.448";"46,23%";"01/07/2015";"17/12/2015";""
"PI";"Boa Hora";"5.763";"1";"0,02%";"4.455";"77,30%";"04/05/2015";"30/10/2015";""
"PI";"Dirceu Arcoverde";"5.701";"0";"0,00%";"4.349";"76,28%";"04/05/2015";"30/10/2015";""
"PI";"Palmeirais";"11.256";"0";"0,00%";"6.644";"59,03%";"03/11/2015";"21/03/2016";""
"PI";"Lagoa Alegre";"7.142";"11";"0,15%";"5.367";"75,15%";"01/07/2015";"17/12/2015";""
"PI";"Domingos Mourão";"3.682";"9";"0,24%";"2.708";"73,55%";"01/07/2015";"17/12/2015";""
"PI";"Coronel José Dias";"4.664";"0";"0,00%";"3.790";"81,26%";"04/05/2015";"30/10/2015";""
"PI";"Buriti dos Lopes";"15.255";"2";"0,01%";"11.221";"73,56%";"01/07/2015";"17/12/2015";""
"PI";"União";"33.736";"44";"0,13%";"23.705";"70,27%";"01/07/2015";"17/12/2015";""
"PI";"Colônia do Piauí";"5.980";"0";"0,00%";"4.364";"72,98%";"03/11/2015";"21/03/2016";""
"PI";"São Francisco do Piauí";"5.609";"0";"0,00%";"4.267";"76,07%";"03/11/2015";"21/03/2016";""
"PI";"Buriti dos Montes";"5.916";"2";"0,03%";"4.561";"77,10%";"01/07/2015";"17/12/2015";""
"PI";"Castelo do Piauí";"16.031";"0";"0,00%";"10.870";"67,81%";"01/07/2015";"17/12/2015";""
"PI";"Joca Marques";"4.439";"5";"0,11%";"3.427";"77,20%";"03/11/2015";"21/03/2016";""
"PI";"Elesbão Veloso";"12.564";"3";"0,02%";"10.257";"81,64%";"03/11/2015";"21/03/2016";""
"PI";"Santo Inácio do Piauí";"3.285";"1";"0,03%";"2.281";"69,44%";"03/11/2015";"21/03/2016";""
"PI";"São João da Varjota";"3.951";"0";"0,00%";"2.673";"67,65%";"03/11/2015";"21/03/2016";""
"PI";"Várzea Branca";"4.023";"0";"0,00%";"3.215";"79,92%";"04/05/2015";"30/10/2015";""
"PI";"Nossa Senhora de Nazaré";"4.794";"0";"0,00%";"3.779";"78,83%";"04/05/2015";"30/10/2015";""
"PI";"Barras";"34.106";"1";"0,00%";"27.762";"81,40%";"04/05/2015";"30/10/2015";""
"PI";"Sussuapara";"5.542";"71";"1,28%";"4.025";"72,63%";"01/07/2015";"17/12/2015";""
"PI";"Esperantina";"28.696";"3";"0,01%";"21.412";"74,62%";"01/07/2015";"17/12/2015";""
"PI";"Bom Jesus";"15.055";"1";"0,01%";"11.278";"74,91%";"01/07/2015";"17/12/2015";""
"PI";"Uruçuí";"15.348";"1";"0,01%";"10.399";"67,75%";"03/11/2015";"21/03/2016";""
"PI";"Tamboril do Piauí";"2.715";"0";"0,00%";"1.732";"63,79%";"03/11/2015";"21/03/2016";""
"PI";"Sebastião Barros";"3.910";"0";"0,00%";"3.101";"79,31%";"01/07/2015";"17/12/2015";""
"PI";"São Miguel do Tapuio";"15.539";"0";"0,00%";"8.526";"54,87%";"03/11/2015";"21/03/2016";""
"PI";"São João da Fronteira";"4.769";"3";"0,06%";"3.307";"69,34%";"03/11/2015";"21/03/2016";""
"PI";"Bom Jesus";"261";"0";"0,00%";"188";"72,03%";"01/07/2015";"17/12/2015";""
"PI";"Inhuma";"12.583";"0";"0,00%";"7.291";"57,94%";"03/11/2015";"21/03/2016";""
"PI";"Bonfim do Piauí";"4.487";"0";"0,00%";"3.746";"83,49%";"04/05/2015";"30/10/2015";""
"PI";"Valença do Piauí";"16.325";"0";"0,00%";"9.810";"60,09%";"03/11/2015";"21/03/2016";""
"PI";"Corrente";"18.143";"0";"0,00%";"13.329";"73,47%";"01/07/2015";"17/12/2015";""
"PI";"Caraúbas do Piauí";"4.767";"2";"0,04%";"3.628";"76,11%";"01/07/2015";"17/12/2015";""
"PI";"Cabeceiras do Piauí";"8.602";"23";"0,27%";"6.970";"81,03%";"04/05/2015";"30/10/2015";""
"PI";"Fartura do Piauí";"4.257";"0";"0,00%";"3.300";"77,52%";"04/05/2015";"30/10/2015";""
"PI";"Redenção do Gurguéia";"6.128";"0";"0,00%";"4.686";"76,47%";"01/07/2015";"17/12/2015";""
"PI";"Floresta do Piauí";"2.592";"0";"0,00%";"1.687";"65,08%";"03/11/2015";"21/03/2016";""
"PI";"São Miguel do Fidalgo";"2.531";"0";"0,00%";"1.940";"76,65%";"03/11/2015";"21/03/2016";""
"PI";"São José do Piauí";"5.639";"41";"0,73%";"2.655";"47,08%";"01/07/2015";"17/12/2015";""
"PI";"Pedro Ii";"29.430";"2";"0,01%";"20.820";"70,74%";"01/07/2015";"17/12/2015";""
"PI";"Landri Sales";"4.481";"0";"0,00%";"2.206";"49,23%";"03/11/2015";"21/03/2016";""
"PI";"Campinas do Piauí";"4.851";"0";"0,00%";"2.593";"53,45%";"03/11/2015";"21/03/2016";""
"PI";"Altos";"30.478";"0";"0,00%";"24.290";"79,70%";"01/07/2015";"17/12/2015";""
"PI";"Jurema";"4.171";"0";"0,00%";"3.374";"80,89%";"04/05/2015";"30/10/2015";""
"PI";"Miguel Alves";"24.184";"0";"0,00%";"15.094";"62,41%";"03/11/2015";"21/03/2016";""
"PI";"Antônio Almeida";"2.972";"0";"0,00%";"1.204";"40,51%";"03/11/2015";"21/03/2016";""
"PI";"Dom Expedito Lopes";"6.081";"49";"0,81%";"4.176";"68,67%";"01/07/2015";"17/12/2015";""
"PI";"Assunção do Piauí";"6.267";"0";"0,00%";"3.520";"56,17%";"03/11/2015";"21/03/2016";""
"PI";"Brejo do Piauí";"3.611";"0";"0,00%";"1.972";"54,61%";"03/11/2015";"21/03/2016";""
"PI";"São Raimundo Nonato";"21.959";"0";"0,00%";"17.985";"81,90%";"04/05/2015";"30/10/2015";""
"PI";"São Lourenço do Piauí";"4.363";"0";"0,00%";"3.614";"82,83%";"04/05/2015";"30/10/2015";""
"PI";"Porto Alegre do Piauí";"1.902";"0";"0,00%";"1.438";"75,60%";"03/11/2015";"21/03/2016";""
"PI";"Currais";"4.518";"0";"0,00%";"3.551";"78,60%";"01/07/2015";"17/12/2015";""
"PI";"Caxingó";"4.674";"0";"0,00%";"3.242";"69,36%";"01/07/2015";"17/12/2015";""
"PI";"Santana do Piauí";"3.750";"45";"1,20%";"2.756";"73,49%";"01/07/2015";"17/12/2015";""
"PI";"Anísio de Abreu";"6.554";"0";"0,00%";"5.215";"79,57%";"04/05/2015";"30/10/2015";""
"PI";"Brasileira";"6.972";"75";"1,08%";"3.568";"51,18%";"03/11/2015";"21/03/2016";""
"PI";"Luzilândia";"19.188";"45";"0,23%";"14.805";"77,16%";"03/11/2015";"21/03/2016";""
"PI";"Milton Brandão";"5.634";"1";"0,02%";"4.156";"73,77%";"01/07/2015";"17/12/2015";""
"PI";"Campo Maior";"35.289";"0";"0,00%";"27.307";"77,38%";"04/05/2015";"30/10/2015";""
"PI";"Lagoa do Sítio";"4.291";"0";"0,00%";"3.066";"71,45%";"03/11/2015";"21/03/2016";""
"PI";"Batalha";"21.274";"0";"0,00%";"16.072";"75,55%";"01/07/2015";"17/12/2015";""
"PR";"São José dos Pinhais";"182.523";"0";"0,00%";"123.816";"67,84%";"13/10/2015";"31/03/2016";""
"PR";"Araucária";"93.282";"0";"0,00%";"66.148";"70,91%";"13/10/2015";"31/03/2016";""
"PR";"Colombo";"146.781";"7";"0,00%";"100.493";"68,46%";"12/05/2015";"28/08/2015";"18/12/2015"
"PR";"Prado Ferreira";"3.105";"0";"0,00%";"2.475";"79,71%";"04/08/2015";"03/10/2015";"30/10/2015"
"PR";"Santa Tereza do Oeste";"8.221";"0";"0,00%";"6.518";"79,28%";"26/05/2015";"30/09/2015";"31/01/2016"
"PR";"Janiópolis";"5.623";"0";"0,00%";"4.279";"76,10%";"10/11/2015";"31/03/2016";""
"PR";"Adrianópolis";"4.889";"0";"0,00%";"3.895";"79,67%";"19/05/2015";"28/08/2015";"16/10/2015"
"PR";"Agudos do Sul";"6.645";"0";"0,00%";"5.268";"79,28%";"20/10/2015";"31/03/2016";""
"PR";"Cambé";"73.691";"1";"0,00%";"55.379";"75,15%";"10/06/2015";"30/09/2015";"30/11/2015"
"PR";"Foz do Iguaçu";"188.306";"74";"0,04%";"138.548";"73,58%";"03/11/2015";"31/03/2016";""
"PR";"Campo Mourão";"66.234";"0";"0,00%";"50.767";"76,65%";"10/11/2015";"31/03/2016";""
"PR";"Pinhais";"91.094";"1";"0,00%";"59.255";"65,05%";"12/05/2015";"28/08/2015";"30/11/2015"
"PR";"Lindoeste";"4.946";"0";"0,00%";"3.523";"71,23%";"26/05/2015";"30/09/2015";"31/01/2016"
"PR";"São Pedro do Iguaçu";"5.189";"2";"0,04%";"4.055";"78,15%";"26/05/2015";"30/09/2015";"30/11/2015"
"PR";"Salgado Filho";"3.722";"0";"0,00%";"2.820";"75,77%";"07/07/2015";"04/09/2015";"30/09/2015"
"PR";"Miraselva";"1.840";"0";"0,00%";"1.435";"77,99%";"04/08/2015";"03/10/2015";"30/10/2015"
"PR";"Fazenda Rio Grande";"62.353";"0";"0,00%";"42.131";"67,57%";"20/10/2015";"31/03/2016";""
"PR";"Candói";"11.467";"0";"0,00%";"9.048";"78,90%";"28/05/2015";"30/09/2015";"18/12/2015"
"PR";"Campina do Simão";"3.374";"0";"0,00%";"2.608";"77,30%";"28/05/2015";"30/09/2015";"18/12/2015"
"PR";"Guaraniaçu";"11.319";"0";"0,00%";"9.653";"85,28%";"01/12/2015";"29/01/2016";""
"PR";"Bocaiúva do Sul";"8.396";"0";"0,00%";"5.219";"62,16%";"19/05/2015";"28/08/2015";"16/10/2015"
"PR";"Florestópolis";"9.644";"0";"0,00%";"7.473";"77,49%";"04/08/2015";"03/10/2015";"30/10/2015"
"PR";"Almirante Tamandaré";"67.656";"2";"0,00%";"48.563";"71,78%";"12/05/2015";"28/08/2015";"30/11/2015"
"PR";"Turvo";"11.208";"0";"0,00%";"9.186";"81,96%";"28/05/2015";"30/09/2015";"18/12/2015"
"PR";"Apucarana";"93.429";"0";"0,00%";"75.222";"80,51%";"10/06/2015";"30/09/2015";"22/12/2015"
"PR";"Piraquara";"58.590";"1";"0,00%";"38.302";"65,37%";"19/05/2015";"28/08/2015";"30/10/2015"
"PR";"Lapa";"35.210";"0";"0,00%";"23.385";"66,42%";"14/09/2015";"29/02/2016";""
"PR";"Ponta Grossa";"231.475";"3";"0,00%";"194.438";"84,00%";"28/05/2015";"30/09/2015";"29/01/2016"
"PR";"Rio Branco do Sul";"23.626";"0";"0,00%";"18.856";"79,81%";"22/05/2015";"28/08/2015";"30/10/2015"
"PR";"Itaperuçu";"17.670";"0";"0,00%";"14.810";"83,81%";"22/05/2015";"28/08/2015";"30/10/2015"
"PR";"Tijucas do Sul";"11.046";"0";"0,00%";"8.188";"74,13%";"13/10/2015";"31/03/2016";""
"PR";"Luiziana";"5.933";"0";"0,00%";"4.689";"79,03%";"10/11/2015";"31/03/2016";""
"PR";"Campo Bonito";"3.806";"0";"0,00%";"3.019";"79,32%";"01/12/2015";"29/01/2016";""
"PR";"Cascavel";"206.372";"0";"0,00%";"172.187";"83,44%";"26/05/2015";"30/09/2015";"31/01/2016"
"PR";"Contenda";"11.047";"0";"0,00%";"9.283";"84,03%";"14/09/2015";"29/02/2016";""
"PR";"Guarapuava";"121.311";"2";"0,00%";"100.742";"83,04%";"28/05/2015";"30/09/2015";"18/12/2015"
"PR";"Mandirituba";"17.074";"1";"0,01%";"13.354";"78,21%";"20/10/2015";"31/03/2016";""
"PR";"Diamante do Sul";"2.938";"0";"0,00%";"2.454";"83,53%";"01/12/2015";"29/01/2016";""
"PR";"Cambira";"6.036";"0";"0,00%";"4.385";"72,65%";"10/06/2015";"30/09/2015";"22/12/2015"
"PR";"Bom Jesus do Sul";"3.472";"0";"0,00%";"2.663";"76,70%";"07/07/2015";"04/09/2015";"30/09/2015"
"PR";"Santa Terezinha de Itaipu";"16.889";"4";"0,02%";"13.449";"79,63%";"03/11/2015";"31/03/2016";""
"PR";"Campina Grande do Sul";"30.096";"0";"0,00%";"21.620";"71,84%";"22/05/2015";"28/08/2015";"30/10/2015"
"PR";"Ouro Verde do Oeste";"4.420";"1";"0,02%";"3.676";"83,17%";"26/05/2015";"30/09/2015";"30/11/2015"
"PR";"Campo Magro";"18.031";"5";"0,03%";"13.362";"74,11%";"12/05/2015";"28/08/2015";"30/11/2015"
"PR";"Farol";"2.815";"0";"0,00%";"2.276";"80,85%";"10/11/2015";"31/03/2016";""
"PR";"Tunas do Paraná";"4.618";"0";"0,00%";"3.373";"73,04%";"19/05/2015";"28/08/2015";"16/10/2015"
"PR";"Quatro Barras";"13.907";"0";"0,00%";"10.237";"73,61%";"22/05/2015";"28/08/2015";"30/10/2015"
"PR";"Foz do Jordão";"4.102";"0";"0,00%";"3.007";"73,31%";"28/05/2015";"30/09/2015";"18/12/2015"
"PR";"Paranaguá";"102.562";"0";"0,00%";"78.205";"76,25%";"16/06/2015";"30/09/2015";"22/12/2015"
"PR";"Barracão";"7.234";"0";"0,00%";"5.446";"75,28%";"07/07/2015";"04/09/2015";"30/09/2015"
"PR";"Novo Itacolomi";"2.495";"0";"0,00%";"2.090";"83,77%";"10/06/2015";"30/09/2015";"22/12/2015"
"PR";"Toledo";"92.492";"6";"0,01%";"75.201";"81,31%";"26/05/2015";"30/09/2015";"30/11/2015"
"PR";"Porecatu";"10.800";"0";"0,00%";"8.138";"75,35%";"04/08/2015";"03/10/2015";"30/10/2015"
"RN";"Ceará-Mirim";"51.697";"13";"0,03%";"34.266";"66,28%";"09/09/2015";"10/10/2015";"15/10/2015"
"RN";"Pureza";"7.389";"0";"0,00%";"5.523";"74,75%";"09/09/2015";"10/10/2015";""
"RN";"Jardim de Piranhas";"11.373";"77";"0,68%";"8.139";"71,56%";"16/10/2015";"20/11/2015";"27/11/2015"
"RN";"Lagoa de Pedras";"6.544";"7";"0,11%";"4.119";"62,94%";"10/09/2015";"10/10/2015";""
"RN";"Senador Elói de Souza";"5.228";"1";"0,02%";"3.875";"74,12%";"10/09/2015";"10/10/2015";""
"RN";"Afonso Bezerra";"9.465";"3";"0,03%";"3.465";"36,61%";"11/09/2015";"10/10/2015";""
"RN";"Pendências";"11.163";"0";"0,00%";"7.169";"64,22%";"20/10/2015";"20/11/2015";"27/11/2015"
"RN";"Alto do Rodrigues";"10.850";"0";"0,00%";"8.511";"78,44%";"20/10/2015";"20/11/2015";"27/11/2015"
"RN";"Caicó";"43.948";"3";"0,01%";"26.798";"60,98%";"16/10/2015";"27/11/2015";""
"RN";"Galinhos";"2.228";"0";"0,00%";"1.031";"46,27%";"03/11/2015";"02/12/2015";""
"RO";"Ji-Paraná";"84.965";"1";"0,00%";"56.171";"66,11%";"01/10/2015";"18/12/2015";""
"RS";"Selbach";"4.216";"0";"0,00%";"3.500";"83,02%";"12/05/2015";"02/12/2015";""
"RS";"Cerrito";"5.498";"0";"0,00%";"4.353";"79,17%";"12/08/2015";"24/02/2016";""
"RS";"Estação";"4.919";"1";"0,02%";"3.897";"79,22%";"18/05/2015";"25/11/2015";""
"RS";"São José do Sul";"1.838";"0";"0,00%";"1.208";"65,72%";"12/05/2015";"26/06/2015";""
"RS";"Rondinha";"4.650";"0";"0,00%";"4.234";"91,05%";"17/08/2015";"16/03/2016";""
"RS";"Passo do Sobrado";"4.734";"0";"0,00%";"1.776";"37,52%";"22/06/2015";"09/12/2015";""
"RS";"Santa Clara do Sul";"4.736";"0";"0,00%";"3.985";"84,14%";"20/05/2015";"26/08/2015";""
"RS";"Santana da Boa Vista";"7.051";"23";"0,33%";"5.489";"77,85%";"10/08/2015";"16/03/2016";""
"RS";"São Pedro do Butiá";"2.379";"6";"0,25%";"1.893";"79,57%";"01/06/2015";"15/07/2015";""
"RS";"Anta Gorda";"5.121";"0";"0,00%";"4.183";"81,68%";"01/06/2015";"25/11/2015";"18/12/2015"
"RS";"Brochier";"3.790";"0";"0,00%";"2.532";"66,81%";"30/06/2015";"02/09/2015";""
"RS";"Bossoroca";"5.438";"0";"0,00%";"4.015";"73,83%";"01/06/2015";"02/12/2015";""
"RS";"Lajeado do Bugre";"1.886";"0";"0,00%";"1.299";"68,88%";"17/08/2015";"07/10/2015";""
"RS";"Manoel Viana";"5.855";"0";"0,00%";"4.491";"76,70%";"12/08/2015";"16/03/2016";""
"RS";"Xangri-Lá";"9.486";"2";"0,02%";"5.251";"55,36%";"15/09/2015";"03/02/2016";""
"RS";"Boa Vista do Cadeado";"2.104";"0";"0,00%";"1.690";"80,32%";"14/09/2015";"18/11/2015";""
"RS";"Lindolfo Collor";"4.266";"0";"0,00%";"3.325";"77,94%";"14/09/2015";"16/03/2016";""
"RS";"Tupanciretã";"16.357";"0";"0,00%";"6.691";"40,91%";"09/06/2015";"09/03/2016";""
"RS";"Ametista do Sul";"5.475";"0";"0,00%";"3.412";"62,32%";"05/10/2015";"09/03/2016";""
"RS";"Cândido Godói";"5.374";"0";"0,00%";"4.585";"85,32%";"01/06/2015";"30/11/2015";""
"RS";"Pelotas";"238.715";"73";"0,03%";"155.745";"65,24%";"10/08/2015";"16/03/2016";""
"RS";"Segredo";"6.007";"0";"0,00%";"4.152";"69,12%";"18/08/2015";"18/01/2016";""
"RS";"Trindade do Sul";"4.418";"3";"0,07%";"3.375";"76,39%";"03/08/2015";"02/03/2016";""
"RS";"Tio Hugo";"2.317";"0";"0,00%";"1.532";"66,12%";"01/09/2015";"11/11/2015";""
"RS";"Caibaté";"3.857";"35";"0,91%";"3.142";"81,46%";"01/06/2015";"07/10/2015";""
"RS";"Ilópolis";"3.492";"0";"0,00%";"2.821";"80,78%";"06/07/2015";"02/09/2015";""
"RS";"Alvorada";"140.352";"2";"0,00%";"80.782";"57,56%";"10/08/2015";"16/03/2016";""
"RS";"Amaral Ferrador";"4.933";"0";"0,00%";"3.963";"80,34%";"11/08/2015";"16/03/2016";""
"RS";"São Valentim";"2.951";"0";"0,00%";"421";"14,27%";"01/06/2015";"15/07/2015";""
"RS";"Bom Jesus";"8.398";"1";"0,01%";"5.343";"63,62%";"01/07/2015";"25/11/2015";""
"RS";"Barracão";"4.160";"0";"0,00%";"2.438";"58,61%";"11/05/2015";"16/09/2015";""
"RS";"Tiradentes do Sul";"4.778";"0";"0,00%";"3.674";"76,89%";"11/05/2015";"12/08/2015";""
"RS";"Vale do Sol";"8.132";"0";"0,00%";"5.449";"67,01%";"01/06/2015";"17/02/2016";""
"RS";"São Pedro do Sul";"13.161";"0";"0,00%";"9.583";"72,81%";"08/06/2015";"16/12/2015";""
"RS";"Pantano Grande";"8.460";"0";"0,00%";"5.911";"69,87%";"17/08/2015";"16/03/2016";""
"RS";"Salvador do Sul";"5.198";"0";"0,00%";"1.931";"37,15%";"09/09/2015";"18/11/2015";""
"RS";"Arroio do Meio";"15.083";"0";"0,00%";"12.092";"80,17%";"12/08/2015";"09/03/2016";"16/03/2016"
"RS";"Boa Vista do Incra";"2.127";"0";"0,00%";"1.771";"83,26%";"13/10/2015";"16/12/2015";""
"RS";"Barão";"4.658";"0";"0,00%";"3.891";"83,53%";"20/08/2015";"02/03/2016";"16/03/2016"
"RS";"Picada Café";"4.229";"0";"0,00%";"3.210";"75,90%";"13/10/2015";"16/03/2016";""
"RS";"Rodeio Bonito";"4.537";"0";"0,00%";"3.856";"84,99%";"29/06/2015";"30/09/2015";""
"RS";"Água Santa";"2.997";"0";"0,00%";"2.444";"81,55%";"20/07/2015";"02/12/2015";""
"RS";"Serafina Corrêa";"11.124";"0";"0,00%";"9.341";"83,97%";"08/06/2015";"07/10/2015";""
"RS";"Minas do Leão";"6.339";"0";"0,00%";"4.957";"78,20%";"10/08/2015";"02/12/2015";""
"RS";"Pedro Osório";"6.673";"0";"0,00%";"4.653";"69,73%";"12/08/2015";"16/03/2016";""
"RS";"Rolante";"14.801";"0";"0,00%";"10.561";"71,35%";"11/05/2015";"09/12/2015";""
"RS";"Jóia";"6.662";"0";"0,00%";"5.306";"79,65%";"12/08/2015";"16/03/2016";""
"RS";"Maximiliano de Almeida";"3.997";"0";"0,00%";"3.326";"83,21%";"05/10/2015";"16/12/2015";""
"RS";"Pinhal Grande";"3.787";"0";"0,00%";"3.103";"81,94%";"08/09/2015";"09/12/2015";""
"RS";"Boqueirão do Leão";"6.013";"0";"0,00%";"4.438";"73,81%";"11/05/2015";"16/09/2015";""
"RS";"Nova Araçá";"3.392";"0";"0,00%";"2.767";"81,57%";"15/06/2015";"21/10/2015";""
"RS";"Lavras do Sul";"6.175";"20";"0,32%";"4.487";"72,66%";"10/08/2015";"09/03/2016";""
"RS";"Caraá";"6.374";"0";"0,00%";"4.980";"78,13%";"20/08/2015";"16/03/2016";""
"RS";"Quatro Irmãos";"1.559";"0";"0,00%";"1.157";"74,21%";"18/05/2015";"15/07/2015";""
"RS";"Nova Bassano";"6.862";"0";"0,00%";"5.530";"80,59%";"25/05/2015";"15/12/2015";""
"RS";"Liberato Salzano";"4.387";"0";"0,00%";"3.603";"82,13%";"11/05/2015";"02/12/2015";""
"RS";"Tuparendi";"6.861";"0";"0,00%";"5.956";"86,81%";"01/07/2015";"04/11/2015";""
"RS";"Vista Alegre";"2.479";"0";"0,00%";"1.644";"66,32%";"12/08/2015";"21/10/2015";""
"RS";"São Martinho";"4.755";"0";"0,00%";"1.701";"35,77%";"03/08/2015";"25/11/2015";""
"RS";"Três Coroas";"17.505";"0";"0,00%";"14.219";"81,23%";"14/09/2015";"16/03/2016";""
"RS";"Santo Antônio das Missões";"9.124";"0";"0,00%";"6.786";"74,38%";"11/05/2015";"30/09/2015";""
"RS";"Cambará do Sul";"5.407";"0";"0,00%";"4.170";"77,12%";"10/08/2015";"09/12/2015";"16/03/2016"
"RS";"Espumoso";"11.727";"1";"0,01%";"9.894";"84,37%";"11/05/2015";"16/03/2016";""
"RS";"Porto Lucena";"4.075";"0";"0,00%";"3.392";"83,24%";"01/06/2015";"27/10/2015";""
"RS";"Cerro Largo";"9.623";"1";"0,01%";"6.894";"71,64%";"03/08/2015";"27/01/2016";""
"RS";"Pinheiro Machado";"10.564";"0";"0,00%";"8.477";"80,24%";"01/06/2015";"16/03/2016";""
"RS";"Nova Bréscia";"2.594";"0";"0,00%";"2.198";"84,73%";"01/06/2015";"10/08/2015";""
"RS";"Morro Redondo";"5.015";"0";"0,00%";"3.951";"78,78%";"08/06/2015";"16/12/2015";"16/03/2016"
"RS";"Ibiraiaras";"5.375";"3";"0,06%";"4.335";"80,65%";"17/08/2015";"02/12/2015";"20/01/2016"
"RS";"Quinze de Novembro";"3.177";"0";"0,00%";"2.858";"89,96%";"17/08/2015";"16/03/2016";""
"RS";"Boa Vista do Buricá";"5.432";"0";"0,00%";"4.364";"80,34%";"20/05/2015";"16/12/2015";""
"RS";"Progresso";"4.960";"0";"0,00%";"3.933";"79,29%";"01/09/2015";"16/12/2015";""
"RS";"Dom Feliciano";"10.242";"0";"0,00%";"8.591";"83,88%";"01/07/2015";"16/03/2016";""
"RS";"Morro Reuter";"5.003";"0";"0,00%";"4.097";"81,89%";"24/08/2015";"16/12/2015";""
"RS";"Mata";"4.263";"0";"0,00%";"3.615";"84,80%";"17/08/2015";"16/03/2016";""
"RS";"Viamão";"165.878";"0";"0,00%";"83.474";"50,32%";"01/09/2015";"16/03/2016";""
"RS";"Pontão";"3.119";"0";"0,00%";"2.447";"78,45%";"09/06/2015";"09/09/2015";""
"RS";"Camargo";"2.102";"0";"0,00%";"1.601";"76,17%";"14/07/2015";"16/09/2015";""
"RS";"Herval";"5.439";"0";"0,00%";"4.361";"80,18%";"10/08/2015";"24/02/2016";"09/03/2016"
"RS";"Miraguaí";"3.835";"0";"0,00%";"1.992";"51,94%";"01/06/2015";"30/09/2015";""
"RS";"Tucunduva";"4.810";"0";"0,00%";"4.109";"85,43%";"10/08/2015";"09/12/2015";"16/12/2015"
"RS";"Alegria";"3.394";"2";"0,06%";"2.636";"77,67%";"20/05/2015";"30/09/2015";""
"RS";"Hulha Negra";"4.597";"0";"0,00%";"3.824";"83,18%";"10/08/2015";"16/12/2015";"16/03/2016"
"RS";"Marcelino Ramos";"4.024";"0";"0,00%";"3.152";"78,33%";"24/08/2015";"09/12/2015";"18/12/2015"
"RS";"Gramado Xavier";"2.813";"0";"0,00%";"812";"28,87%";"08/06/2015";"21/10/2015";""
"RS";"Chuí";"4.306";"0";"0,00%";"2.614";"60,71%";"10/09/2015";"27/01/2016";""
"RS";"Ipê";"5.272";"0";"0,00%";"4.034";"76,52%";"03/11/2015";"02/03/2016";""
"RS";"Feliz";"9.966";"0";"0,00%";"6.285";"63,06%";"11/05/2015";"07/10/2015";""
"RS";"Sentinela do Sul";"4.284";"0";"0,00%";"3.193";"74,53%";"05/10/2015";"27/01/2016";"17/02/2016"
"RS";"Aratiba";"5.652";"0";"0,00%";"4.983";"88,16%";"12/08/2015";"16/12/2015";""
"RS";"São Pedro das Missões";"1.657";"0";"0,00%";"973";"58,72%";"13/10/2015";"02/12/2015";""
"RS";"Pinhal";"1.994";"0";"0,00%";"1.718";"86,16%";"11/05/2015";"01/07/2015";""
"RS";"Campestre da Serra";"2.633";"0";"0,00%";"2.123";"80,63%";"15/05/2015";"19/08/2015";""
"RS";"Arroio do Sal";"6.337";"4";"0,06%";"3.907";"61,65%";"11/05/2015";"25/11/2015";""
"RS";"Aceguá";"3.873";"0";"0,00%";"3.133";"80,89%";"12/08/2015";"02/12/2015";"15/03/2016"
"RS";"Esmeralda";"2.469";"0";"0,00%";"1.951";"79,02%";"26/08/2015";"25/11/2015";""
"RS";"Travesseiro";"1.931";"0";"0,00%";"1.593";"82,50%";"17/08/2015";"14/10/2015";""
"RS";"Campinas do Sul";"4.540";"0";"0,00%";"3.738";"82,33%";"18/05/2015";"05/08/2015";""
"RS";"Cerro Grande do Sul";"7.150";"0";"0,00%";"5.552";"77,65%";"24/08/2015";"13/01/2016";"10/02/2016"
"RS";"Novo Machado";"3.339";"0";"0,00%";"2.834";"84,88%";"10/08/2015";"28/10/2015";""
"RS";"Cacique Doble";"3.743";"0";"0,00%";"2.029";"54,21%";"17/08/2015";"16/12/2015";""
"RS";"Terra de Areia";"7.102";"0";"0,00%";"5.145";"72,44%";"01/09/2015";"09/03/2016";""
"RS";"Alpestre";"6.283";"0";"0,00%";"5.137";"81,76%";"17/08/2015";"16/03/2016";""
"RS";"Presidente Lucena";"2.223";"0";"0,00%";"1.845";"83,00%";"24/08/2015";"02/12/2015";""
"RS";"Braga";"2.884";"0";"0,00%";"2.250";"78,02%";"01/09/2015";"04/11/2015";"18/11/2015"
"RS";"Humaitá";"4.123";"0";"0,00%";"3.493";"84,72%";"17/08/2015";"17/02/2016";"16/03/2016"
"RS";"Caiçara";"4.098";"0";"0,00%";"3.510";"85,65%";"12/08/2015";"02/03/2016";""
"RS";"Capela de Santana";"8.165";"0";"0,00%";"5.651";"69,21%";"17/08/2015";"02/12/2015";""
"RS";"Nova Hartz";"13.343";"0";"0,00%";"10.129";"75,91%";"08/06/2015";"18/11/2015";"16/03/2016"
"RS";"Erval Seco";"5.816";"0";"0,00%";"4.354";"74,86%";"11/05/2015";"09/10/2015";""
"RS";"Paverama";"5.659";"0";"0,00%";"4.045";"71,48%";"25/05/2015";"21/10/2015";""
"RS";"Faxinal do Soturno";"5.403";"0";"0,00%";"4.466";"82,66%";"13/05/2015";"21/09/2015";""
"RS";"Nova Roma do Sul";"2.949";"0";"0,00%";"2.593";"87,93%";"17/08/2015";"17/11/2015";""
"RS";"Nova Ramada";"2.054";"0";"0,00%";"1.702";"82,86%";"02/06/2015";"23/09/2015";""
"RS";"Taquaruçu do Sul";"2.514";"0";"0,00%";"2.205";"87,71%";"12/08/2015";"25/11/2015";""
"RS";"Entre-Ijuís";"7.070";"0";"0,00%";"5.252";"74,29%";"18/05/2015";"19/08/2015";""
"RS";"Charrua";"2.501";"0";"0,00%";"1.881";"75,21%";"21/09/2015";"03/02/2016";""
"RS";"Áurea";"3.013";"0";"0,00%";"2.344";"77,80%";"24/08/2015";"11/11/2015";""
"RS";"Mampituba";"2.480";"2";"0,08%";"2.033";"81,98%";"11/05/2015";"16/09/2015";""
"RS";"Balneário Pinhal";"8.455";"0";"0,00%";"4.635";"54,82%";"08/09/2015";"27/01/2016";""
"RS";"Erval Grande";"3.922";"0";"0,00%";"3.359";"85,65%";"03/08/2015";"25/11/2015";""
"RS";"Nova Palma";"5.087";"0";"0,00%";"4.432";"87,12%";"13/05/2015";"19/08/2015";""
"RS";"Tabaí";"3.487";"0";"0,00%";"2.942";"84,37%";"08/09/2015";"09/03/2016";"16/03/2016"
"RS";"Maquiné";"5.846";"0";"0,00%";"4.351";"74,43%";"01/06/2015";"05/08/2015";""
"RS";"Tavares";"4.452";"1";"0,02%";"3.815";"85,69%";"19/08/2015";"17/02/2016";""
"RS";"Bom Retiro do Sul";"9.291";"0";"0,00%";"7.653";"82,37%";"13/07/2015";"02/12/2015";""
"RS";"Caseiros";"2.499";"0";"0,00%";"1.960";"78,43%";"01/06/2015";"26/08/2015";""
"RS";"Três Arroios";"2.443";"0";"0,00%";"2.091";"85,59%";"12/08/2015";"21/10/2015";""
"RS";"Nova Esperança do Sul";"3.985";"0";"0,00%";"3.488";"87,53%";"13/08/2015";"20/01/2016";""
"RS";"Giruá";"12.613";"0";"0,00%";"8.161";"64,70%";"01/07/2015";"18/11/2015";"30/11/2015"
"RS";"Tunas";"3.634";"0";"0,00%";"1.320";"36,32%";"02/09/2015";"25/11/2015";"25/01/2016"
"RS";"Chapada";"7.616";"0";"0,00%";"6.553";"86,04%";"01/07/2015";"04/11/2015";""
"RS";"Santa Bárbara do Sul";"7.154";"0";"0,00%";"5.499";"76,87%";"06/07/2015";"21/10/2015";""
"RS";"Caxias do Sul";"329.679";"1";"0,00%";"223.970";"67,94%";"10/08/2015";"16/03/2016";""
"RS";"Arroio dos Ratos";"10.759";"0";"0,00%";"7.837";"72,84%";"24/08/2015";"09/12/2015";"18/12/2015"
"RS";"Arvorezinha";"8.271";"0";"0,00%";"6.962";"84,17%";"08/09/2015";"16/03/2016";""
"RS";"Barra do Ribeiro";"9.996";"1";"0,01%";"7.110";"71,13%";"01/06/2015";"30/09/2015";""
"RS";"Barros Cassal";"8.671";"2";"0,02%";"5.966";"68,80%";"03/08/2015";"24/02/2016";""
"SC";"Palhoça";"92.686";"0";"0,00%";"65.884";"71,08%";"04/05/2015";"22/03/2016";""
"SC";"Biguaçu";"41.473";"0";"0,00%";"27.902";"67,28%";"04/05/2015";"29/11/2015";""
"SC";"São José";"143.340";"5";"0,00%";"98.650";"68,82%";"04/05/2015";"22/03/2016";""
"SC";"Blumenau";"235.567";"0";"0,00%";"190.401";"80,83%";"01/06/2015";"22/03/2016";""
"SC";"Joinville";"383.222";"4";"0,00%";"297.367";"77,60%";"01/06/2015";"22/03/2016";""
"SC";"Santo Amaro da Imperatriz";"15.133";"6";"0,04%";"4.991";"32,98%";"04/05/2015";"02/08/2015";""
"SC";"Florianópolis";"306.133";"18";"0,01%";"195.609";"63,90%";"01/06/2015";"22/03/2016";""
"TO";"Almas";"5.251";"0";"0,00%";"3.957";"75,36%";"24/08/2015";"04/03/2016";""
"TO";"Taipas do Tocantins";"1.654";"0";"0,00%";"1.285";"77,69%";"24/08/2015";"04/03/2016";""
"TO";"Novo Acordo";"3.418";"5";"0,15%";"2.692";"78,76%";"24/08/2015";"04/03/2016";""
"TO";"Aparecida do Rio Negro";"3.686";"21";"0,57%";"2.867";"77,78%";"24/08/2015";"04/03/2016";""
"TO";"Miracema do Tocantins";"14.454";"0";"0,00%";"9.484";"65,62%";"24/08/2015";"04/03/2016";""
"TO";"Santa Tereza do Tocantins";"2.319";"7";"0,30%";"1.878";"80,98%";"24/08/2015";"04/03/2016";""
"TO";"Ipueiras";"1.591";"1";"0,06%";"1.232";"77,44%";"24/08/2015";"04/03/2016";""
"TO";"Guaraí";"16.732";"0";"0,00%";"13.515";"80,77%";"24/08/2015";"04/03/2016";""
"TO";"Santa Rosa do Tocantins";"3.655";"0";"0,00%";"2.978";"81,48%";"24/08/2015";"04/03/2016";""
"TO";"Novo Alegre";"1.706";"0";"0,00%";"1.367";"80,13%";"24/08/2015";"04/03/2016";""
"TO";"Natividade";"6.666";"0";"0,00%";"5.044";"75,67%";"24/08/2015";"04/03/2016";""
"TO";"Chapada de Areia";"1.882";"0";"0,00%";"1.434";"76,20%";"24/08/2015";"04/03/2016";""
"TO";"Fátima";"2.920";"0";"0,00%";"2.242";"76,78%";"24/08/2015";"04/03/2016";""
"TO";"Lajeado";"2.524";"0";"0,00%";"2.095";"83,00%";"24/08/2015";"04/03/2016";""
"TO";"Miranorte";"9.806";"0";"0,00%";"7.968";"81,26%";"24/08/2015";"04/03/2016";""
"TO";"Lagoa do Tocantins";"2.666";"8";"0,30%";"2.191";"82,18%";"24/08/2015";"04/03/2016";""
"TO";"Lavandeira";"1.466";"0";"0,00%";"1.216";"82,95%";"24/08/2015";"04/03/2016";""
"TO";"Tupiratins";"1.590";"0";"0,00%";"1.330";"83,65%";"24/08/2015";"04/03/2016";""
"TO";"Ponte Alta do Bom Jesus";"3.412";"0";"0,00%";"2.741";"80,33%";"24/08/2015";"04/03/2016";""
"TO";"Brasilândia do Tocantins";"1.702";"0";"0,00%";"1.317";"77,38%";"24/08/2015";"04/03/2016";""
"TO";"Tocantínia";"4.882";"0";"0,00%";"3.871";"79,29%";"24/08/2015";"04/03/2016";""
"TO";"Palmeirópolis";"4.965";"0";"0,00%";"4.077";"82,11%";"24/08/2015";"04/03/2016";""
"TO";"Brejinho de Nazaré";"3.922";"0";"0,00%";"3.135";"79,93%";"24/08/2015";"04/03/2016";""
"TO";"Rio da Conceição";"1.629";"0";"0,00%";"1.325";"81,34%";"24/08/2015";"04/03/2016";""
"TO";"São Salvador do Tocantins";"2.303";"0";"0,00%";"1.721";"74,73%";"24/08/2015";"04/03/2016";""
"TO";"Dianópolis";"12.401";"1";"0,01%";"9.105";"73,42%";"24/08/2015";"04/03/2016";""
"TO";"Pium";"4.906";"0";"0,00%";"3.958";"80,68%";"24/08/2015";"04/03/2016";""
"TO";"Porto Alegre do Tocantins";"2.164";"0";"0,00%";"1.649";"76,20%";"24/08/2015";"04/03/2016";""
"TO";"Novo Jardim";"1.958";"0";"0,00%";"1.501";"76,66%";"24/08/2015";"04/03/2016";""
"TO";"Lizarda";"2.724";"0";"0,00%";"2.275";"83,52%";"24/08/2015";"04/03/2016";""
"TO";"Aurora do Tocantins";"2.915";"0";"0,00%";"2.391";"82,02%";"24/08/2015";"04/03/2016";""
"TO";"Cristalândia";"5.443";"0";"0,00%";"4.213";"77,40%";"24/08/2015";"04/03/2016";""
"TO";"Santa Rita do Tocantins";"1.709";"6";"0,35%";"1.303";"76,24%";"24/08/2015";"04/03/2016";""
"TO";"Combinado";"3.723";"0";"0,00%";"2.812";"75,53%";"24/08/2015";"04/03/2016";""
"TO";"Silvanópolis";"3.889";"0";"0,00%";"3.167";"81,43%";"24/08/2015";"04/03/2016";""
"TO";"Barrolândia";"4.383";"0";"0,00%";"3.491";"79,65%";"24/08/2015";"04/03/2016";""
"TO";"Juarina";"1.741";"0";"0,00%";"1.435";"82,42%";"24/08/2015";"04/03/2016";""
"TO";"Bernardo Sayão";"3.156";"0";"0,00%";"2.505";"79,37%";"24/08/2015";"04/03/2016";""
"TO";"Tabocão";"2.399";"0";"0,00%";"1.994";"83,12%";"24/08/2015";"04/03/2016";""
"TO";"Nova Rosalândia";"2.493";"0";"0,00%";"1.991";"79,86%";"24/08/2015";"04/03/2016";""
"TO";"Oliveira de Fátima";"1.673";"0";"0,00%";"1.254";"74,96%";"24/08/2015";"04/03/2016";""
"TO";"Dois Irmãos do Tocantins";"4.803";"0";"0,00%";"3.782";"78,74%";"24/08/2015";"04/03/2016";""
"TO";"Monte do Carmo";"4.604";"0";"0,00%";"3.541";"76,91%";"24/08/2015";"04/03/2016";""
"TO";"Chapada da Natividade";"2.822";"0";"0,00%";"2.119";"75,09%";"24/08/2015";"04/03/2016";""
"TO";"Lagoa da Confusão";"6.439";"0";"0,00%";"5.053";"78,47%";"24/08/2015";"04/03/2016";""
"TO";"Paranã";"7.731";"0";"0,00%";"6.256";"80,92%";"24/08/2015";"04/03/2016";""
"TO";"Conceição do Tocantins";"3.386";"0";"0,00%";"2.611";"77,11%";"24/08/2015";"04/03/2016";""
"TO";"Arraias";"8.520";"1";"0,01%";"6.113";"71,75%";"24/08/2015";"04/03/2016";""
"TO";"Presidente Kennedy";"2.494";"0";"0,00%";"2.044";"81,96%";"24/08/2015";"04/03/2016";""
"TO";"Colinas do Tocantins";"22.419";"0";"0,00%";"17.544";"78,26%";"24/08/2015";"04/03/2016";""
"TO";"Rio dos Bois";"1.985";"0";"0,00%";"1.626";"81,91%";"24/08/2015";"04/03/2016";""
"TO";"Taguatinga";"10.532";"0";"0,00%";"8.235";"78,19%";"24/08/2015";"04/03/2016";""
"TO";"Porto Nacional";"34.957";"0";"0,00%";"28.851";"82,53%";"24/08/2015";"04/03/2016";""
"Total";"";"14.818.322";"6.469";"0,04%";"10.266.365";"69,28%";"";"";""
